Workbook

Sheet Formulir tanpa judul
A1: Timestamp | B1: Pernyataan Persetujuan Dengan ini saya menyatakan bahwa: Saya telah membaca dan memahami penjelasan mengenai tujuan dan prosedur penelitian. Saya menyadari bahwa partisipasi saya bersifat sukarela dan saya berhak untuk mengundurkan diri kapan saja tanpa k | C1: Nama | D1: Jenis Kelamin | E1: Desa | F1: Nomor HP | G1: Umur | H1: Status di keluarga | I1: Pendidikan terakhir | J1: Status kependudukan | K1: Profesi pekerjaan utama | L1: Pendapatan per bulan | M1: Pengeluaran pulsa per bulan | N1: Apakah anda memiliki HP? | O1: Berapa jumlah HP yang anda miliki? | P1: Berapa kali menggunakan HP dalam sehari? | Q1: Berapa menit rata-rata menggunakan HP per hari? | R1: Untuk apa saja HP digunakan? | S1: Apakah anda memiliki Smartphone? | T1: Berapa jumlah Smartphone yang anda miliki? | U1: Berapa kali menggunakan Smartphone dalam sehari? | V1: Berapa menit rata-rata menggunakan Smartphone per hari? | W1: Untuk apa saja Smartphone digunakan? | X1: Apakah anda memiliki Tablet? | Y1: Berapa jumlah Tablet yang anda miliki? | Z1: Berapa kali menggunakan Tablet dalam sehari? | AA1: Berapa menit rata-rata menggunakan Tablet per hari? | AB1: Untuk apa saja Tablet digunakan? | AC1: Apakah anda memiliki Komputer? | AD1: Berapa jumlah Komputer yang anda miliki? | AE1: Berapa kali menggunakan Komputer dalam sehari? | AF1: Berapa menit rata-rata menggunakan Komputer per hari? | AG1: Untuk apa saja Komputer digunakan? | AH1: Apakah anda memiliki Laptop | AI1: Berapa jumlah Laptop yang anda miliki? | AJ1: Berapa kali menggunakan Laptop dalam sehari? | AK1: Berapa menit rata-rata menggunakan Laptop per hari? | AL1: Untuk apa saja Laptop digunakan? | AM1: Apakah anda memiliki Facebook? | AN1: Berapa kali menggunakan Facebook dalam sehari? | AO1: Berapa menit rata-rata menggunakan Facebook per hari? | AP1: Untuk apa saja Facebook digunakan? | AQ1: Apakah anda memiliki Twitter (X)? | AR1: Berapa kali menggunakan Twitter (X) dalam sehari? | AS1: Berapa menit rata-rata menggunakan Twitter (X) per hari? | AT1: Untuk apa saja Twitter (X) digunakan? | AU1: Apakah anda memiliki Instagram? | AV1: Berapa kali menggunakan Instagram dalam sehari? | AW1: Berapa menit rata-rata menggunakan Instagram per hari? | AX1: Untuk apa saja Instagram digunakan? | AY1: Apakah anda memiliki Whatsapp | AZ1: Berapa kali menggunakan Whatsapp dalam sehari? | BA1: Berapa menit rata-rata menggunakan Whatsapp per hari? | BB1: Untuk apa saja Whatsapp digunakan? | BC1: Apakah anda memiliki Tiktok? | BD1: Berapa kali menggunakan Tiktok dalam sehari? | BE1: Berapa menit rata-rata menggunakan Tiktok per hari? | BF1: Untuk apa saja Tiktok digunakan? | BG1: Apakah anda memiliki Youtube? | BH1: Berapa kali menggunakan Youtube dalam sehari? | BI1: Berapa menit rata-rata menggunakan Youtube per hari? | BJ1: Untuk apa saja Youtube digunakan? | BK1: Apakah anda memiliki Blog? | BL1: Berapa kali menggunakan Blog dalam sehari? | BM1: Berapa menit rata-rata menggunakan Blog per hari? | BN1: Untuk apa saja Blog digunakan? | BO1: Apakah anda menggunakan Shopee? | BP1: Berapa kali menggunakan Shopee dalam sehari? | BQ1: Berapa menit rata-rata menggunakan Shopee per hari? | BR1: Untuk apa saja Shopee digunakan? | BS1: Apakah anda menggunakan Tokopedia? | BT1: Berapa kali menggunakan Tokopedia dalam sehari? | BU1: Berapa menit rata-rata menggunakan Tokopedia per hari? | BV1: Untuk apa saja Tokopedia digunakan? | BW1: Apakah anda menggunakan Bukalapak? | BX1: Berapa kali menggunakan Bukalapak dalam sehari? | BY1: Berapa menit rata-rata menggunakan Bukalapak per hari? | BZ1: Untuk apa saja Bukalapak digunakan? | CA1: Apakah anda menggunakan Lazada? | CB1: Berapa kali menggunakan Lazada dalam sehari? | CC1: Berapa menit rata-rata menggunakan Lazada per hari? | CD1: Untuk apa saja Lazada digunakan? | CE1: Saya mencari informasi yang saya inginkan dari website/blog tertentu | CF1: Saya memilih untuk PERCAYA pada informasi yang saya dapatkan dari website/blog tertentu | CG1: Sebutkan website/blog yang sering anda kunjungi untuk mencari informasi | CH1: Saya mencari informasi yang saya inginkan dari Facebook/Twitter (X)/Instagram/Tiktok | CI1: Saya memilih untuk PERCAYA pada informasi yang saya dapatkan dari Facebook/Twitter (X)/Instagram/Tiktok | CJ1: Saya merasa bahwa informasi yang dimuat di Facebook/Twitter (X)/Instagram/Tiktok itu cocok untuk saya | CK1: Sebutkan Facebook/Twitter (X)/Instagram/Tiktok yang sering anda kunjungi untuk mencari informasi | CL1: Saya mencari informasi yang saya inginkan dari Grup Whatsapp/sejenisnya tertentu | CM1: Saya memilih untuk PERCAYA pada informasi yang saya dapatkan dari Grup Whatsapp/sejenisnya tertentu | CN1: Saya merasa bahwa informasi yang dimuat di Group Chat pilihan saya itu cocok untuk saya | CO1: Sebutkan Grup Whatsapp/sejenisnya yang sering anda gunakan untuk mencari informasi | CP1: Saya mencari informasi yang saya inginkan dari channel Youtube tertentu | CQ1: Saya memilih untuk PERCAYA pada informasi yang saya dapatkan dari channel Youtube tertentu | CR1: Saya merasa bahwa informasi yang dimuat di channel Youtube pilihan saya itu cocok untuk saya | CS1: Sebutkan Youtube yang sering anda kunjungi untuk mencari informasi | CT1: Saya menyukai penyampaian informasi dari website/blog tertentu | CU1: Saya merasa bahwa informasi yang saya dapatkan dari website/blog tertentu perlu untuk saya ketahui | CV1: Saya merasa bahwa informasi yang saya dapatkan dari website/blog tertentu memuaskan keingintahuan saya | CW1: Saya merasa bahwa informasi yang dimuat di website/blog tertentu hanya bersifat hiburan dan tidak berisi informasi penting | CX1: Saya memahami akar permasalahan dari sebuah kasus yang dimuat di website/blog tertentu | CY1: Saya memahami solusi yang ditawarkan atas permasalahan yang dimuat di website/blog tertentu | CZ1: Saya memikirkan setiap informasi yang saya dapatkan dari website/blog tertentu, dan saya tahu mana informasi yang benar/salah | DA1: Saya menyukai penyampaian informasi dari Facebook/Twitter (X)/Instagram/Tiktok tertentu | DB1: Saya merasa bahwa informasi yang saya dapatkan dari Facebook/Twitter (X)/Instagram/Tiktok tertentu perlu untuk saya ketahui | DC1: Saya merasa bahwa informasi yang saya dapatkan dari Facebook/Twitter (X)/Instagram/Tiktok tertentu memuaskan keingintahuan saya | DD1: Saya merasa bahwa informasi yang dimuat di Facebook/Twitter (X)/Instagram/Tiktok tertentu hanya bersifat hiburan dan tidak berisi informasi penting | DE1: Saya memahami akar permasalahan dari sebuah kasus yang dimuat di Facebook/Twitter (X)/Instagram/Tiktok tertentu | DF1: Saya memahami solusi yang ditawarkan atas permasalahan yang dimuat di Facebook/Twitter (X)/Instagram/Tiktok tertentu | DG1: Saya memikirkan setiap informasi yang saya dapatkan dari Facebook/Twitter (X)/Instagram/Tiktok tertentu, dan saya tahu mana informasi yang benar/salah | DH1: Saya menyukai penyampaian informasi dari Grup Whatsapp/sejenisnya tertentu | DI1: Saya merasa bahwa informasi yang saya dapatkan dari Grup Whatsapp/sejenisnya tertentu perlu untuk saya ketahui | DJ1: Saya merasa bahwa informasi yang saya dapatkan dari Grup Whatsapp/sejenisnya tertentu memuaskan keingintahuan saya | DK1: Saya merasa bahwa informasi yang dimuat di Grup Whatsapp/sejenisnya tertentu hanya bersifat hiburan dan tidak berisi informasi penting | DL1: Saya memahami akar permasalahan dari sebuah kasus yang dimuat di Grup Whatsapp/sejenisnya tertentu | DM1: Saya memahami solusi yang ditawarkan atas permasalahan yang dimuat di Grup Whatsapp/sejenisnya tertentu | DN1: Saya memikirkan setiap informasi yang saya dapatkan dari Grup Whatsapp/sejenisnya tertentu, dan saya tahu mana informasi yang benar/salah | DO1: Saya menyukai penyampaian informasi dari channel Youtube tertentu | DP1: Saya merasa bahwa informasi yang saya dapatkan dari channel Youtube tertentu perlu untuk saya ketahui | DQ1: Saya merasa bahwa informasi yang saya dapatkan dari channel Youtube tertentu memuaskan keingintahuan saya | DR1: Saya merasa bahwa informasi yang saya dapatkan dari channel Youtube tertentu memuaskan keingintahuan saya2 | DS1: Saya memahami akar permasalahan dari sebuah kasus yang dimuat di channel Youtube tertentu | DT1: Saya memahami solusi yang ditawarkan atas permasalahan yang dimuat di channel Youtube tertentu | DU1: Saya memikirkan setiap informasi yang saya dapatkan dari channel Youtube, dan saya tahu mana informasi yang benar/salah | DV1: Saya mencoba mencari tahu alasan dan kebenaran dari setiap informasi yang saya dapat dari website/blog tertentu | DW1: Saya membandingkan dan mencocokkan informasi yang saya dapat dari website/blog tertentu dengan website /blog lain | DX1: Saya merasa puas dengan informasi yang saya dapatkan dari website/blog tertentu | DY1: Sebutkan website/blog yang sering anda gunakan untuk mengecek kebenaran Informasi | DZ1: Saya mencoba mencari tahu alasan dan kebenaran dari setiap informasi yang saya dapat dari Facebook/Twitter (X)/Instagram/Tiktok tertentu | EA1: Saya membandingkan dan mencocokkan informasi yang saya dapat dari Facebook/Twitter (X)/Instagram/Tiktok tertentu dengan sumber lain | EB1: Saya merasa puas dengan informasi yang saya dapatkan dari Facebook/Twitter (X)/Instagram/Tiktok tertentu | EC1: Sebutkan Facebook/Twitter (X)/Instagram/Tiktok yang sering anda gunakan untuk mengecek kebenaran Informasi | ED1: Saya mencoba mencari tahu alasan dan kebenaran dari setiap informasi yang saya dapat dari Grup Whatsapp/sejenisnya tertentu | EE1: Saya membandingkan dan mencocokkan informasi yang saya dapat dari Grup Whatsapp/sejenisnya tertentu dengan Grup Whatsapp/sejenisnya yang lain | EF1: Saya merasa puas dengan informasi yang saya dapatkan dari Grup Whatsapp/sejenisnya tertentu | EG1: Sebutkan Grup Whatsapp/sejenisnya yang sering anda gunakan untuk mengecek kebenaran Informasi | EH1: Saya mencoba mencari tahu alasan dan kebenaran dari setiap informasi yang saya dapat dari channel Youtube tertentu | EI1: Saya membandingkan dan mencocokkan informasi yang saya dapat dari channel Youtube tertentu dengan channel Youtube | EJ1: Saya merasa puas dengan informasi yang saya dapatkan dari website/blog tertentu3 | EK1: Sebutkan channel Youtube yang sering anda gunakan untuk mengecek kebenaran Informasi | EL1: Saya membagikan informasi yang saya dapatkan dari website/blog lain di website/blog saya. | EM1: Saya membagikan informasi yang saya dapatkan dari Facebook/Twitter (X)/Instagram/Tiktok di website/blog saya. | EN1: Saya membagikan informasi yang saya dapatkan dari Grup Whatsapp/sejenisnya di website/blog saya. | EO1: Saya membagikan informasi yang saya dapatkan dari channel Youtube di website/blog saya. | EP1: Saya membagikan informasi yang saya dapatkan dari website/blog di akun Facebook/Twitter (X)/Instagram/Tiktok saya. | EQ1: Saya membagikan informasi yang saya dapatkan dari Facebook/Twitter (X)/Instagram/Tiktok lain di Facebook/Twitter (X)/Instagram/Tiktok saya. | ER1: Saya membagikan informasi yang saya dapatkan dari Grup Whatsapp/sejenisnya di Facebook/Twitter (X)/Instagram/Tiktok saya | ES1: Saya membagikan informasi yang saya dapatkan dari channel Youtube di Facebook/Twitter (X)/Instagram/Tiktok saya. | ET1: Saya membagikan informasi yang saya dapatkan dari website/blog di Grup Whatsapp/sejenisnya saya. | EU1: Saya membagikan informasi yang saya dapatkan dari Facebook/Twitter (X)/Instagram/Tiktok di Grup Whatsapp/sejenisnya. | EV1: Saya membagikan informasi yang saya dapatkan dari salah satu Grup Whatsapp ke Grup Whatsapp lain. | EW1: Saya membagikan informasi yang saya dapatkan dari channel Youtube ke Grup Whatsapp saya. | EX1: Saya membagikan informasi yang saya dapatkan dari website/blog lain di channel Youtube saya. | EY1: Saya membagikan informasi yang saya dapatkan dari Facebook/Twitter (X)/Instagram/Tiktok di channel Youtube saya. | EZ1: Saya membagikan informasi yang saya dapatkan dari Grup Whatsapp di channel Youtube saya. | FA1: Saya membagikan informasi yang saya dapatkan dari channel Youtube lain di channel Youtube saya. | FB1: Saya membuat tulisan berisi informasi penting untuk diunggah/upload di website/blog saya | FC1: Saya membuat gambar/video berisi informasi penting untuk diunggah/upload di website/blog saya | FD1: Saya membuat tulisan berisi informasi penting untuk diunggah/upload di akun Facebook/Twitter (X)/Instagram/Tiktok saya | FE1: Saya membuat gambar/video berisi informasi penting untuk diunggah/upload di Facebook/Twitter (X)/Instagram/Tiktok saya | FF1: Saya membuat tulisan berisi informasi penting untuk diunggah/upload di Grup Whatsapp saya | FG1: Saya membuat gambar/video berisi informasi penting untuk diunggah/upload di Grup Whatsapp saya | FH1: Saya membuat gambar/video berisi informasi penting untuk diunggah/upload di channel Youtube saya | FI1: Saya mengetahui sanksi penyebaran berita palsu/HOAX secara hukum | FJ1: Saya dapat mempertanggungjawabkan setiap informasi yang saya sebarkan | FK1: Saya merasa aplikasi PRA Digital mudah untuk digunakan. | FL1: Saya tidak kesulitan memahami fungsi-fungsi dalam aplikasi PRA Digital. | FM1: Saya termasuk orang yang tidak tertarik pada teknologi baru. | FN1: Saya sulit mempelajari penggunaan aplikasi ini dengan cepat. | FO1: Saya tidak percaya teknologi digital dapat meningkatkan kualitas perencanaan pembangunan desa. | FP1: Saya yakin bahwa teknologi seperti aplikasi PRA Digital dapat mendorong kolaborasi yang asyik antarpemuda. | FQ1: Saya merasa penggunaan aplikasi PRA Digital membuat musyawarah menjadi lebih menarik dan menyenangkan. | FR1: Aplikasi ini dapat diprediksi membantu pengambilan keputusan berbasis data. | FS1: Penggunaan aplikasi PRA Digital tidak mempercepat proses diskusi dalam musyawarah. | FT1: Saya tidak senang mencoba teknologi baru untuk mendukung pembangunan desa. | FU1: Aplikasi PRA Digital mendukung saya menyampaikan aspirasi dengan lebih jelas | FV1: Saya menilai bahwa aplikasi PRA Digital ini secara keseluruhan bukan merupakan aplikasi yang baik dan tidak layak digunakan dalam perencanaan pembangunan desa. | FW1: Aplikasi PRA Digital terasa sederhana dalam pengoperasiannya. | FX1: Menggunakan aplikasi PRA Digital ini merupakan pengalaman yang menyenangkan dan saya menyukainya. | FY1: Saya merasa perlu untuk menjadi pelopor terdepan dalam memanfaatkan teknologi di desa saya. | FZ1: Saya merasa nyaman saat menggunakan aplikasi PRA Digital. | GA1: Saya tidak merasa aman ketika menggunakan aplikasi PRA Digital untuk menyampaikan pendapat dan mengikuti diskusi perencanaan desa. | GB1: Saya tidak merasa termotivasi menggunakan teknologi dalam proses musyawarah desa. | GC1: Informasi yang tersedia di aplikasi ini tidak memenuhi ekspektasi dan tidak relevan dengan kebutuhan desa. | GD1: Saya merasa lebih mudah didengar melalui penggunaan aplikasi PRA Digital. | GE1: Petunjuk penggunaan aplikasi PRA Digital tidak jelas dan sulit dimengerti. | GF1: Aplikasi PRA Digital praktis digunakan untuk meningkatkan efektivitas partisipasi saya dalam forum desa. | GG1: Data yang dikumpulkan melalui aplikasi ini berantakan dan tidak berguna untuk perencanaan pembangunan desa. | GH1: Tampilan aplikasi PRA Digital tidak atraktif dan sulit dipahami. | GI1: Aplikasi PRA Digital sulit digunakan oleh orang tanpa latar belakang teknologi. | GJ1: Saya percaya bahwa teknologi inovatif seperti PRA Digital dapat mendorong perubahan positif. | GK1: Saya merasa terdorong untuk mengikuti forum musyawarah setelah menggunakan aplikasi PRA digital. | GL1: Saya merasa kehadiran saya dalam diskusi lebih bermakna setelah adanya platform digital. | GM1: Saya lebih bersemangat untuk terlibat dalam diskusi setelah menggunakan aplikasi PRA digital. | GN1: Aplikasi digital membuat saya merasa memiliki peran dalam proses perencanaan desa. | GO1: Saya merasa memiliki kesempatan yang sama dengan peserta lain untuk berbicara dalam forum diskusi. | GP1: Aplikasi PRA digital memberikan ruang yang setara bagi semua pemuda untuk menyampaikan pendapat. | GQ1: Tidak ada kelompok yang mendominasi diskusi dalam forum digital. | GR1: Saya merasa suara saya dianggap penting dalam forum digital yang difasilitasi oleh aplikasi PRA. | GS1: Saya merasa bebas menyampaikan pendapat dalam forum digital PRA. | GT1: Saya merasa nyaman untuk mengungkapkan gagasan saya di aplikasi PRA. | GU1: Saya dapat menyampaikan kritik atau masukan secara terbuka melalui aplikasi. | GV1: Forum diskusi digital mendorong saya untuk berpendapat lebih aktif dibanding sebelumnya. | GW1: Saya diberi kesempatan untuk terlibat dalam penyusunan rencana pembangunan desa. | GX1: Aplikasi PRA digital memudahkan saya bekerja sama dengan peserta lain dalam merumuskan tindak lanjut. | GY1: Saya merasa kontribusi saya digunakan dalam menyusun hasil akhir diskusi. | GZ1: Saya merasa lebih terlibat dalam proses pengambilan keputusan setelah forum digital dibanding sebelumnya.
A2: 2025/10/05 8:16:41 PM GMT+7 | B2: Saya bersedia menjadi responden dalam penelitian ini | C2: Dina agustin | D2: Perempuan | E2: Desa tanjung dalam | F2: 083830815775 | G2: 17 | H2: Anak | I2: SMP | J2: Penduduk asli | K2: Tidak ada | L2: 0 | M2: 100 | N2: Ya | O2: 1 | P2: 3 | Q2: 30 | R2: Kontak kerabat;Mencari informasi;Menjual produk | S2: Tidak | X2: Tidak | AC2: Tidak | AH2: Tidak | AM2: Ya | AN2: 2 | AO2: 30 | AP2: Kontak kerabat;Mencari informasi;Menjual produk | AQ2: Tidak | AU2: Tidak | AY2: Ya | AZ2: 5 | BA2: 20 | BB2: Kontak kerabat;Mencari informasi;Menjual produk | BC2: Tidak | BG2: Tidak | BK2: Tidak | BO2: Ya | BP2: 2 | BQ2: 10 | BR2: Membeli produk | BS2: Tidak | BW2: Tidak | CA2: Tidak | CE2: 7 | CF2: 7 | CG2: Goggle | CH2: 7 | CI2: 7 | CJ2: 7 | CK2: Facebook | CL2: 7 | CM2: 7 | CN2: 7 | CO2: Karang taruna | CP2: 7 | CQ2: 7 | CR2: 7 | CS2: Channel @indosiar | CT2: 1 | CU2: 1 | CV2: 1 | CW2: 1 | CX2: 1 | CY2: 1 | CZ2: 1 | DA2: 7 | DB2: 7 | DC2: 7 | DD2: 7 | DE2: 7 | DF2: 7 | DG2: 7 | DH2: 7 | DI2: 7 | DJ2: 7 | DK2: 7 | DL2: 7 | DM2: 7 | DN2: 7 | DO2: 5 | DP2: 3 | DQ2: 3 | DR2: 3 | DS2: 3 | DT2: 3 | DU2: 3 | DV2: 1 | DW2: 1 | DX2: 1 | DY2: Tidak ada | DZ2: 7 | EA2: 7 | EB2: 7 | EC2: Facebook | ED2: 7 | EE2: 7 | EF2: 7 | EG2: Group karang taruna | EH2: 1 | EI2: 1 | EJ2: 1 | EK2: @indosiar | EL2: 1 | EM2: 1 | EN2: 1 | EO2: 1 | EP2: 1 | EQ2: 1 | ER2: 1 | ES2: 1 | ET2: 1 | EU2: 2 | EV2: 1 | EW2: 1 | EX2: 1 | EY2: 1 | EZ2: 1 | FA2: 1 | FB2: 2 | FC2: 1 | FD2: 7 | FE2: 7 | FF2: 7 | FG2: 7 | FH2: 7 | FI2: 7 | FJ2: 7 | FK2: 1 | FL2: 3 | FM2: 7 | FN2: 7 | FO2: 7 | FP2: 7 | FQ2: 7 | FR2: 7 | FS2: 7 | FT2: 7 | FU2: 1 | FV2: 7 | FW2: 7 | FX2: 7 | FY2: 7 | FZ2: 7 | GA2: 7 | GB2: 7 | GC2: 7 | GD2: 7 | GE2: 7 | GF2: 7 | GG2: 7 | GH2: 7 | GI2: 7 | GJ2: 7 | GK2: 7 | GL2: 7 | GM2: 7 | GN2: 7 | GO2: 7 | GP2: 7 | GQ2: 7 | GR2: 7 | GS2: 1 | GT2: 1 | GU2: 1 | GV2: 7 | GW2: 7 | GX2: 7 | GY2: 7 | GZ2: 7
A3: 2025/10/05 8:18:32 PM GMT+7 | B3: Saya bersedia menjadi responden dalam penelitian ini | C3: Justita sari | D3: Perempuan | E3: Tanjung dalam Dusun 1 | F3: 082281871996 | G3: 24 | H3: Anak | I3: SMA/SMK | J3: Penduduk asli | K3: Tidak ada | L3: 0 | M3: 100 | N3: Ya | O3: 1 | P3: 3 | Q3: 30 | R3: Kontak kerabat;Hiburan;Mencari informasi | S3: Tidak | X3: Tidak | AC3: Tidak | AH3: Tidak | AM3: Ya | AN3: 2 | AO3: 30 | AP3: Kontak kerabat;Mencari informasi | AQ3: Tidak | AU3: Ya | AV3: 2 | AW3: 20 | AX3: Mencari informasi | AY3: Ya | AZ3: 5 | BA3: 30 | BB3: Kontak kerabat;Mencari informasi | BC3: Ya | BD3: 1 | BE3: 20 | BF3: Hiburan;Mencari informasi | BG3: Ya | BH3: 1 | BI3: 90 | BJ3: Hiburan;Mencari informasi | BK3: Tidak | BO3: Ya | BP3: 2 | BQ3: 30 | BR3: Membeli produk | BS3: Tidak | BW3: Tidak | CA3: Tidak | CE3: 7 | CF3: 7 | CG3: Youtube | CH3: 7 | CI3: 7 | CJ3: 7 | CK3: Facebook | CL3: 7 | CM3: 7 | CN3: 7 | CO3: Karang taruna | CP3: 7 | CQ3: 7 | CR3: 7 | CS3: Indosiar | CT3: 7 | CU3: 7 | CV3: 7 | CW3: 1 | CX3: 7 | CY3: 7 | CZ3: 7 | DA3: 7 | DB3: 7 | DC3: 7 | DD3: 1 | DE3: 7 | DF3: 7 | DG3: 7 | DH3: 7 | DI3: 7 | DJ3: 7 | DK3: 7 | DL3: 7 | DM3: 7 | DN3: 7 | DO3: 7 | DP3: 7 | DQ3: 7 | DR3: 7 | DS3: 7 | DT3: 7 | DU3: 7 | DV3: 7 | DW3: 7 | DX3: 7 | DY3: Youtube | DZ3: 7 | EA3: 7 | EB3: 7 | EC3: Facebook | ED3: 7 | EE3: 7 | EF3: 7 | EG3: Grup Karang taruna | EH3: 7 | EI3: 7 | EJ3: 7 | EK3: Indosiar | EL3: 7 | EM3: 7 | EN3: 7 | EO3: 7 | EP3: 7 | EQ3: 7 | ER3: 7 | ES3: 7 | ET3: 7 | EU3: 7 | EV3: 7 | EW3: 7 | EX3: 7 | EY3: 7 | EZ3: 7 | FA3: 7 | FB3: 7 | FC3: 7 | FD3: 7 | FE3: 7 | FF3: 7 | FG3: 7 | FH3: 7 | FI3: 7 | FJ3: 7 | FK3: 7 | FL3: 7 | FM3: 7 | FN3: 7 | FO3: 7 | FP3: 7 | FQ3: 7 | FR3: 7 | FS3: 7 | FT3: 7 | FU3: 1 | FV3: 7 | FW3: 7 | FX3: 7 | FY3: 7 | FZ3: 7 | GA3: 7 | GB3: 7 | GC3: 7 | GD3: 7 | GE3: 7 | GF3: 7 | GG3: 7 | GH3: 7 | GI3: 7 | GJ3: 7 | GK3: 7 | GL3: 7 | GM3: 7 | GN3: 7 | GO3: 7 | GP3: 7 | GQ3: 7 | GR3: 7 | GS3: 7 | GT3: 7 | GU3: 7 | GV3: 7 | GW3: 7 | GX3: 7 | GY3: 7 | GZ3: 7
A4: 2025/10/05 8:28:14 PM GMT+7 | B4: Saya bersedia menjadi responden dalam penelitian ini | C4: Ria Amelia | D4: Perempuan | E4: Desa Tanjung dalam | F4: 083176446064 | G4: 19 | H4: Anak | I4: Tidak tamat SD | J4: Pendatang | K4: Staf kantor | L4: 500 | M4: 60 | N4: Ya | O4: 1 | P4: 2 | Q4: 1 jam | R4: Lainnya | S4: Ya | T4: 1 | U4: 2 | V4: 60 meniy | W4: Lainnya | X4: Tidak | AC4: Tidak | AH4: Tidak | AM4: Ya | AN4: 5 | AO4: 1 jam | AP4: Mencari informasi | AQ4: Tidak | AU4: Tidak | AY4: Ya | AZ4: 4 | BA4: 1 jam | BB4: Mencari informasi | BC4: Ya | BD4: 1 | BE4: 30 meniy | BF4: Hiburan | BG4: Ya | BH4: 1 | BI4: 20 menit | BJ4: Hiburan | BK4: Tidak | BO4: Ya | BP4: 0 | BQ4: 5 menit | BR4: Membeli produk | BS4: Tidak | BW4: Tidak | CA4: Tidak | CE4: 1 | CF4: 1 | CG4: Tik tok | CH4: 3 | CI4: 3 | CJ4: 3 | CK4: Tik tok | CL4: 5 | CM4: 3 | CN4: 3 | CO4: Facebook | CP4: 6 | CQ4: 6 | CR4: 5 | CS4: Tutorial | CT4: 4 | CU4: 5 | CV4: 5 | CW4: 4 | CX4: 4 | CY4: 3 | CZ4: 6 | DA4: 7 | DB4: 6 | DC4: 5 | DD4: 4 | DE4: 4 | DF4: 4 | DG4: 4 | DH4: 5 | DI4: 4 | DJ4: 4 | DK4: 4 | DL4: 4 | DM4: 4 | DN4: 4 | DO4: 7 | DP4: 7 | DQ4: 7 | DR4: 7 | DS4: 7 | DT4: 7 | DU4: 7 | DV4: 5 | DW4: 5 | DX4: 5 | DY4: Google | DZ4: 7 | EA4: 5 | EB4: 5 | EC4: Facebook | ED4: 7 | EE4: 7 | EF4: 7 | EG4: Karang taruna | EH4: 7 | EI4: 7 | EJ4: 7 | EK4: Mukbang | EL4: 5 | EM4: 5 | EN4: 5 | EO4: 5 | EP4: 5 | EQ4: 5 | ER4: 5 | ES4: 5 | ET4: 5 | EU4: 5 | EV4: 5 | EW4: 5 | EX4: 5 | EY4: 5 | EZ4: 5 | FA4: 5 | FB4: 5 | FC4: 5 | FD4: 5 | FE4: 5 | FF4: 5 | FG4: 5 | FH4: 5 | FI4: 5 | FJ4: 5 | FK4: 3 | FL4: 4 | FM4: 4 | FN4: 3 | FO4: 2 | FP4: 5 | FQ4: 5 | FR4: 4 | FS4: 3 | FT4: 4 | FU4: 5 | FV4: 3 | FW4: 4 | FX4: 4 | FY4: 4 | FZ4: 4 | GA4: 4 | GB4: 4 | GC4: 4 | GD4: 4 | GE4: 4 | GF4: 2 | GG4: 3 | GH4: 3 | GI4: 4 | GJ4: 2 | GK4: 4 | GL4: 5 | GM4: 6 | GN4: 4 | GO4: 7 | GP4: 7 | GQ4: 7 | GR4: 7 | GS4: 3 | GT4: 4 | GU4: 4 | GV4: 4 | GW4: 5 | GX4: 6 | GY4: 6 | GZ4: 4
A5: 2025/10/05 9:42:08 PM GMT+7 | B5: Saya bersedia menjadi responden dalam penelitian ini | C5: Tiara | D5: Perempuan | E5: DUSUN 1 DESA | F5: 083845858159 | G5: 18 | H5: Anak | I5: SMA/SMK | J5: Penduduk asli | K5: Tidak ada | L5: 250 | M5: 200 | N5: Tidak | S5: Ya | T5: 1 | U5: 3 | V5: 20 | W5: Kontak kerabat;Hiburan;Mencari informasi | X5: Tidak | AC5: Tidak | AH5: Tidak | AM5: Ya | AN5: 2 | AO5: 10 | AP5: Kontak kerabat;Hiburan;Mencari informasi | AQ5: Tidak | AU5: Tidak | AY5: Ya | AZ5: 3 | BA5: 15 | BB5: Kontak kerabat;Hiburan;Mencari informasi | BC5: Ya | BD5: 2 | BE5: 15 | BF5: Kontak kerabat;Hiburan;Mencari informasi | BG5: Tidak | BK5: Tidak | BO5: Tidak | BS5: Tidak | BW5: Tidak | CA5: Tidak | CE5: 4 | CF5: 4 | CG5: Fecebok | CH5: 7 | CI5: 7 | CJ5: 7 | CK5: Fecebok | CL5: 7 | CM5: 7 | CN5: 7 | CO5: Grup desa | CP5: 5 | CQ5: 4 | CR5: 4 | CS5: Youtube | CT5: 7 | CU5: 7 | CV5: 7 | CW5: 7 | CX5: 7 | CY5: 7 | CZ5: 7 | DA5: 7 | DB5: 7 | DC5: 7 | DD5: 7 | DE5: 7 | DF5: 7 | DG5: 7 | DH5: 7 | DI5: 7 | DJ5: 7 | DK5: 7 | DL5: 7 | DM5: 7 | DN5: 7 | DO5: 7 | DP5: 7 | DQ5: 7 | DR5: 7 | DS5: 7 | DT5: 7 | DU5: 7 | DV5: 7 | DW5: 7 | DX5: 7 | DY5: Berita | DZ5: 6 | EA5: 7 | EB5: 7 | EC5: Berita | ED5: 4 | EE5: 1 | EF5: 1 | EG5: Fb | EH5: 5 | EI5: 5 | EJ5: 7 | EK5: Berita pali | EL5: 7 | EM5: 7 | EN5: 7 | EO5: 7 | EP5: 7 | EQ5: 7 | ER5: 7 | ES5: 7 | ET5: 7 | EU5: 7 | EV5: 7 | EW5: 7 | EX5: 7 | EY5: 7 | EZ5: 7 | FA5: 7 | FB5: 7 | FC5: 7 | FD5: 7 | FE5: 7 | FF5: 7 | FG5: 7 | FH5: 7 | FI5: 7 | FJ5: 7 | FK5: 7 | FL5: 7 | FM5: 7 | FN5: 7 | FO5: 7 | FP5: 7 | FQ5: 7 | FR5: 7 | FS5: 7 | FT5: 7 | FU5: 1 | FV5: 7 | FW5: 7 | FX5: 7 | FY5: 7 | FZ5: 7 | GA5: 7 | GB5: 7 | GC5: 7 | GD5: 7 | GE5: 7 | GF5: 7 | GG5: 7 | GH5: 7 | GI5: 7 | GJ5: 7 | GK5: 6 | GL5: 6 | GM5: 6 | GN5: 6 | GO5: 7 | GP5: 7 | GQ5: 7 | GR5: 7 | GS5: 7 | GT5: 7 | GU5: 7 | GV5: 7 | GW5: 7 | GX5: 7 | GY5: 7 | GZ5: 7
A6: 2025/10/05 9:58:53 PM GMT+7 | B6: Saya bersedia menjadi responden dalam penelitian ini | C6: Doni Maryanto | D6: Laki-laki | E6: Dusun II Desa Tanjung Dalam | F6: 045379450163 | G6: 37 | H6: KK | I6: SMA/SMK | J6: Penduduk asli | K6: Petani | L6: 1000.000 | M6: 150.000 | N6: Ya | O6: 1 | P6: 6 | Q6: 20-30 menit | R6: Kontak kerabat;Hiburan;Mencari informasi;Membeli produk;Lainnya | S6: Ya | T6: 1 | U6: 6 | V6: 20-30 | W6: Kontak kerabat;Hiburan;Mencari informasi;Membeli produk;Menjual produk;Lainnya | X6: Tidak | AC6: Tidak | AH6: Tidak | AM6: Ya | AN6: 2 | AO6: 5 | AP6: Kontak kerabat;Hiburan;Mencari informasi;Lainnya | AQ6: Tidak | AU6: Tidak | AY6: Ya | AZ6: 10 | BA6: 20-30 | BB6: Kontak kerabat;Hiburan;Mencari informasi;Lainnya | BC6: Ya | BD6: 10 | BE6: 20-30 | BF6: Kontak kerabat;Hiburan;Mencari informasi;Membeli produk;Menjual produk;Lainnya | BG6: Ya | BH6: 5 | BI6: 5 | BJ6: Mencari informasi;Membeli produk;Lainnya | BK6: Tidak | BO6: Ya | BP6: 2 | BQ6: 5 | BR6: Mencari informasi;Membeli produk;Lainnya | BS6: Tidak | BW6: Tidak | CA6: Tidak | CE6: 7 | CF6: 5 | CG6: SumateraEkspres https://sumateraekspres.bacakoran.co Sumatera Ekspres | CH6: 3 | CI6: 3 | CJ6: 3 | CK6: Tiktok | CL6: 7 | CM6: 1 | CN6: 1 | CO6: . | CP6: 1 | CQ6: 1 | CR6: 1 | CS6: . | CT6: 7 | CU6: 7 | CV6: 6 | CW6: 2 | CX6: 6 | CY6: 4 | CZ6: 5 | DA6: 4 | DB6: 5 | DC6: 7 | DD6: 6 | DE6: 6 | DF6: 5 | DG6: 5 | DH6: 6 | DI6: 6 | DJ6: 6 | DK6: 6 | DL6: 5 | DM6: 6 | DN6: 6 | DO6: 7 | DP6: 7 | DQ6: 7 | DR6: 7 | DS6: 7 | DT6: 7 | DU6: 7 | DV6: 7 | DW6: 7 | DX6: 7 | DY6: YouTube dan Google | DZ6: 7 | EA6: 7 | EB6: 7 | EC6: Facebook tiktok google | ED6: 7 | EE6: 7 | EF6: 7 | EG6: WhatsApp | EH6: 7 | EI6: 7 | EJ6: 7 | EK6: Youtube | EL6: 7 | EM6: 7 | EN6: 7 | EO6: 7 | EP6: 7 | EQ6: 7 | ER6: 7 | ES6: 7 | ET6: 6 | EU6: 7 | EV6: 7 | EW6: 7 | EX6: 7 | EY6: 7 | EZ6: 7 | FA6: 7 | FB6: 7 | FC6: 7 | FD6: 7 | FE6: 7 | FF6: 7 | FG6: 7 | FH6: 7 | FI6: 7 | FJ6: 7 | FK6: 7 | FL6: 7 | FM6: 1 | FN6: 1 | FO6: 1 | FP6: 7 | FQ6: 7 | FR6: 7 | FS6: 1 | FT6: 1 | FU6: 7 | FV6: 1 | FW6: 7 | FX6: 7 | FY6: 7 | FZ6: 7 | GA6: 1 | GB6: 1 | GC6: 1 | GD6: 7 | GE6: 1 | GF6: 7 | GG6: 1 | GH6: 1 | GI6: 1 | GJ6: 7 | GK6: 7 | GL6: 7 | GM6: 7 | GN6: 7 | GO6: 7 | GP6: 7 | GQ6: 7 | GR6: 7 | GS6: 7 | GT6: 7 | GU6: 7 | GV6: 7 | GW6: 7 | GX6: 7 | GY6: 7 | GZ6: 7
A7: 2025/10/05 10:13:35 PM GMT+7 | B7: Saya bersedia menjadi responden dalam penelitian ini | C7: Siti Nurbaiti | D7: Perempuan | E7: Dusun 2 Desa Tanjung Dalam | F7: 081367101195 | G7: 22 | H7: Anak | I7: D1/D2/D3 | J7: Penduduk asli | K7: Bidan | L7: 500.000 | M7: 150.000 | N7: Tidak | S7: Ya | T7: 1 | U7: 10 | V7: 1 jam | W7: Kontak kerabat;Hiburan;Mencari informasi;Membeli produk | X7: Tidak | AC7: Tidak | AH7: Tidak | AM7: Ya | AN7: 2 | AO7: 5 menit | AP7: Kontak kerabat;Hiburan;Mencari informasi | AQ7: Tidak | AU7: Ya | AV7: 1 | AW7: 5 menit | AX7: Hiburan;Mencari informasi;Lainnya | AY7: Ya | AZ7: 10 | BA7: 30 menit | BB7: Kontak kerabat;Hiburan;Mencari informasi | BC7: Ya | BD7: 10 | BE7: 1 jam | BF7: Hiburan;Mencari informasi;Membeli produk | BG7: Tidak | BK7: Tidak | BO7: Ya | BP7: 1 | BQ7: 30 | BR7: Membeli produk | BS7: Tidak | BW7: Tidak | CA7: Tidak | CE7: 7 | CF7: 7 | CG7: Geoogle,tik tok,fecebook | CH7: 7 | CI7: 7 | CJ7: 7 | CK7: Berita Pali/Prabumulih,Prabumulih ngehits | CL7: 7 | CM7: 7 | CN7: 7 | CO7: Info SKP Bidan 5 dan | CP7: 7 | CQ7: 7 | CR7: 7 | CS7: Youtube Kok bisa | CT7: 7 | CU7: 7 | CV7: 7 | CW7: 1 | CX7: 7 | CY7: 7 | CZ7: 7 | DA7: 7 | DB7: 1 | DC7: 7 | DD7: 1 | DE7: 7 | DF7: 7 | DG7: 7 | DH7: 7 | DI7: 7 | DJ7: 7 | DK7: 1 | DL7: 7 | DM7: 7 | DN7: 7 | DO7: 7 | DP7: 7 | DQ7: 7 | DR7: 7 | DS7: 7 | DT7: 7 | DU7: 7 | DV7: 5 | DW7: 6 | DX7: 5 | DY7: Tiktok,geoogle | DZ7: 6 | EA7: 6 | EB7: 7 | EC7: Berita pali,Prabumulihngehits | ED7: 4 | EE7: 5 | EF7: 4 | EG7: Info skp | EH7: 7 | EI7: 5 | EJ7: 5 | EK7: Youtube kok bisa | EL7: 4 | EM7: 4 | EN7: 4 | EO7: 4 | EP7: 4 | EQ7: 3 | ER7: 3 | ES7: 3 | ET7: 2 | EU7: 3 | EV7: 2 | EW7: 3 | EX7: 3 | EY7: 2 | EZ7: 3 | FA7: 2 | FB7: 2 | FC7: 5 | FD7: 2 | FE7: 3 | FF7: 2 | FG7: 2 | FH7: 2 | FI7: 6 | FJ7: 5 | FK7: 6 | FL7: 5 | FM7: 3 | FN7: 5 | FO7: 5 | FP7: 6 | FQ7: 4 | FR7: 5 | FS7: 4 | FT7: 3 | FU7: 5 | FV7: 2 | FW7: 3 | FX7: 4 | FY7: 5 | FZ7: 2 | GA7: 3 | GB7: 3 | GC7: 3 | GD7: 5 | GE7: 2 | GF7: 6 | GG7: 1 | GH7: 2 | GI7: 4 | GJ7: 6 | GK7: 6 | GL7: 5 | GM7: 5 | GN7: 6 | GO7: 6 | GP7: 6 | GQ7: 5 | GR7: 5 | GS7: 6 | GT7: 5 | GU7: 3 | GV7: 6 | GW7: 5 | GX7: 6 | GY7: 5 | GZ7: 5
A8: 2025/10/05 10:33:27 PM GMT+7 | B8: Saya bersedia menjadi responden dalam penelitian ini | C8: LISTA | D8: Perempuan | E8: DUSUN 2 TANJUNG DALAM | F8: 085279685959 | G8: 20 | H8: Anak | I8: SMA/SMK | J8: Penduduk asli | K8: LES MEMBACA DAN IQRO | L8: 200.000 | M8: 100.000 | N8: Ya | O8: 0 | P8: 0 | Q8: 0 | R8: Kontak kerabat | S8: Ya | T8: 2 | U8: 50 | V8: 360 | W8: Kontak kerabat;Hiburan;Mencari informasi | X8: Tidak | AC8: Tidak | AH8: Tidak | AM8: Ya | AN8: 5 | AO8: 120 | AP8: Mencari informasi | AQ8: Tidak | AU8: Tidak | AY8: Ya | AZ8: 50 | BA8: 120 | BB8: Kontak kerabat | BC8: Tidak | BG8: Tidak | BK8: Tidak | BO8: Tidak | BS8: Tidak | BW8: Tidak | CA8: Tidak | CE8: 6 | CF8: 6 | CG8: Google,YouTube | CH8: 6 | CI8: 5 | CJ8: 4 | CK8: Berita Pali | CL8: 3 | CM8: 3 | CN8: 3 | CO8: Sensus | CP8: 6 | CQ8: 6 | CR8: 6 | CS8: Raymond chin dan geraldvincentt | CT8: 4 | CU8: 4 | CV8: 4 | CW8: 5 | CX8: 4 | CY8: 3 | CZ8: 5 | DA8: 4 | DB8: 3 | DC8: 3 | DD8: 5 | DE8: 3 | DF8: 3 | DG8: 4 | DH8: 5 | DI8: 5 | DJ8: 4 | DK8: 5 | DL8: 3 | DM8: 3 | DN8: 4 | DO8: 7 | DP8: 5 | DQ8: 7 | DR8: 7 | DS8: 4 | DT8: 4 | DU8: 6 | DV8: 5 | DW8: 5 | DX8: 5 | DY8: Wikipedia | DZ8: 6 | EA8: 6 | EB8: 5 | EC8: Info Timnas Indonesia | ED8: 6 | EE8: 6 | EF8: 5 | EG8: PEMUDA PEMUDI HIJRAH | EH8: 6 | EI8: 5 | EJ8: 7 | EK8: Raymond chin dan geraldvincentt | EL8: 3 | EM8: 5 | EN8: 6 | EO8: 6 | EP8: 2 | EQ8: 3 | ER8: 3 | ES8: 4 | ET8: 4 | EU8: 5 | EV8: 2 | EW8: 2 | EX8: 1 | EY8: 3 | EZ8: 3 | FA8: 3 | FB8: 2 | FC8: 2 | FD8: 2 | FE8: 2 | FF8: 2 | FG8: 2 | FH8: 2 | FI8: 6 | FJ8: 5 | FK8: 3 | FL8: 3 | FM8: 4 | FN8: 5 | FO8: 5 | FP8: 4 | FQ8: 5 | FR8: 6 | FS8: 4 | FT8: 5 | FU8: 3 | FV8: 4 | FW8: 5 | FX8: 4 | FY8: 4 | FZ8: 4 | GA8: 3 | GB8: 4 | GC8: 4 | GD8: 5 | GE8: 4 | GF8: 4 | GG8: 4 | GH8: 5 | GI8: 4 | GJ8: 5 | GK8: 5 | GL8: 6 | GM8: 5 | GN8: 6 | GO8: 6 | GP8: 6 | GQ8: 5 | GR8: 4 | GS8: 4 | GT8: 4 | GU8: 4 | GV8: 4 | GW8: 5 | GX8: 4 | GY8: 4 | GZ8: 4
A9: 2025/10/06 8:17:40 AM GMT+7 | B9: Saya bersedia menjadi responden dalam penelitian ini | C9: Lilis karlina | D9: Perempuan | E9: Tanjung dalam | F9: 082281761214 | G9: 22 | H9: Anak | I9: SMA/SMK | J9: Penduduk asli | K9: Stap kantor kades | L9: 5000.00 | M9: 60 | N9: Ya | O9: 1 | P9: 2 | Q9: 1 jm | R9: Mencari informasi | S9: Tidak | X9: Tidak | AC9: Tidak | AH9: Tidak | AM9: Ya | AN9: 7 | AO9: 2 | AP9: Kontak kerabat;Hiburan;Mencari informasi;Menjual produk | AQ9: Tidak | AU9: Ya | AV9: 2 | AW9: 1 | AX9: Hiburan | AY9: Ya | AZ9: 5 | BA9: 1 jam | BB9: Kontak kerabat;Hiburan;Mencari informasi;Menjual produk | BC9: Tidak | BG9: Ya | BH9: 1 | BI9: 1 | BJ9: Hiburan | BK9: Tidak | BO9: Ya | BP9: 2 | BQ9: 2 | BR9: Membeli produk | BS9: Tidak | BW9: Tidak | CA9: Tidak | CE9: 2 | CF9: 1 | CG9: Vidio | CH9: 7 | CI9: 6 | CJ9: 3 | CK9: Facebook | CL9: 5 | CM9: 3 | CN9: 4 | CO9: Grup perangkat | CP9: 1 | CQ9: 1 | CR9: 2 | CS9: YouTube | CT9: 1 | CU9: 1 | CV9: 1 | CW9: 1 | CX9: 1 | CY9: 1 | CZ9: 1 | DA9: 1 | DB9: 1 | DC9: 1 | DD9: 1 | DE9: 1 | DF9: 1 | DG9: 1 | DH9: 7 | DI9: 7 | DJ9: 7 | DK9: 7 | DL9: 7 | DM9: 7 | DN9: 7 | DO9: 1 | DP9: 1 | DQ9: 7 | DR9: 7 | DS9: 7 | DT9: 6 | DU9: 7 | DV9: 1 | DW9: 1 | DX9: 1 | DY9: WA | DZ9: 1 | EA9: 1 | EB9: 7 | EC9: Facebook | ED9: 1 | EE9: 7 | EF9: 5 | EG9: Grup perangkat | EH9: 1 | EI9: 1 | EJ9: 1 | EK9: Wa | EL9: 1 | EM9: 1 | EN9: 1 | EO9: 1 | EP9: 1 | EQ9: 1 | ER9: 1 | ES9: 5 | ET9: 5 | EU9: 3 | EV9: 2 | EW9: 2 | EX9: 5 | EY9: 7 | EZ9: 1 | FA9: 1 | FB9: 1 | FC9: 2 | FD9: 4 | FE9: 6 | FF9: 1 | FG9: 1 | FH9: 1 | FI9: 3 | FJ9: 2 | FK9: 1 | FL9: 1 | FM9: 1 | FN9: 1 | FO9: 1 | FP9: 1 | FQ9: 1 | FR9: 1 | FS9: 1 | FT9: 1 | FU9: 7 | FV9: 1 | FW9: 1 | FX9: 1 | FY9: 1 | FZ9: 1 | GA9: 1 | GB9: 1 | GC9: 1 | GD9: 1 | GE9: 1 | GF9: 1 | GG9: 1 | GH9: 1 | GI9: 1 | GJ9: 1 | GK9: 1 | GL9: 1 | GM9: 1 | GN9: 1 | GO9: 1 | GP9: 1 | GQ9: 1 | GR9: 1 | GS9: 1 | GT9: 1 | GU9: 1 | GV9: 1 | GW9: 1 | GX9: 1 | GY9: 1 | GZ9: 1
A10: 2025/10/06 4:11:11 PM GMT+7 | B10: Saya bersedia menjadi responden dalam penelitian ini | C10: MEILANI ZEMILLA | D10: Perempuan | E10: Dusun 1 desa lunas jaya | F10: 082282552189 | G10: 24 | H10: Istri | I10: SMA/SMK | J10: Penduduk asli | K10: Sekretaris Desa | L10: 2950000 | M10: 400 | N10: Ya | O10: 1 | P10: 15 | Q10: 3 | R10: Kontak kerabat;Hiburan;Mencari informasi;Membeli produk | S10: Ya | T10: 1 | U10: 12 | V10: 60 | W10: Kontak kerabat;Hiburan;Mencari informasi;Membeli produk | X10: Tidak | AC10: Tidak | AH10: Ya | AI10: 1 | AJ10: 12 | AK10: 60 | AL10: Lainnya | AM10: Ya | AN10: 15 | AO10: 100 | AP10: Kontak kerabat;Hiburan;Mencari informasi;Membeli produk | AQ10: Tidak | AU10: Ya | AV10: 5 | AW10: 80 | AX10: Lainnya | AY10: Ya | AZ10: 15 | BA10: 150 | BB10: Kontak kerabat;Hiburan;Mencari informasi;Membeli produk | BC10: Ya | BD10: 12 | BE10: 100 | BF10: Hiburan;Mencari informasi;Membeli produk | BG10: Ya | BH10: 6 | BI10: 60 | BJ10: Hiburan | BK10: Tidak | BO10: Tidak | BS10: Tidak | BW10: Tidak | CA10: Tidak | CE10: 1 | CF10: 1 | CG10: Tidak ada | CH10: 1 | CI10: 7 | CJ10: 7 | CK10: Live tiktok | CL10: 7 | CM10: 7 | CN10: 7 | CO10: Grup sekdes sekacamatan tanah Abang | CP10: 7 | CQ10: 7 | CR10: 7 | CS10: Hiburan musik | CT10: 1 | CU10: 1 | CV10: 1 | CW10: 1 | CX10: 1 | CY10: 1 | CZ10: 1 | DA10: 7 | DB10: 7 | DC10: 7 | DD10: 7 | DE10: 7 | DF10: 7 | DG10: 7 | DH10: 7 | DI10: 7 | DJ10: 7 | DK10: 7 | DL10: 7 | DM10: 7 | DN10: 7 | DO10: 4 | DP10: 4 | DQ10: 4 | DR10: 5 | DS10: 4 | DT10: 4 | DU10: 4 | DV10: 3 | DW10: 3 | DX10: 3 | DY10: Canva | DZ10: 7 | EA10: 7 | EB10: 7 | EC10: Bansos pkh | ED10: 7 | EE10: 7 | EF10: 7 | EG10: Sekdes sekacamatan tanah Abang, perangkat desa lunas jaya | EH10: 4 | EI10: 4 | EJ10: 4 | EK10: Hiburan berita | EL10: 1 | EM10: 1 | EN10: 1 | EO10: 1 | EP10: 1 | EQ10: 1 | ER10: 1 | ES10: 1 | ET10: 1 | EU10: 1 | EV10: 1 | EW10: 1 | EX10: 1 | EY10: 1 | EZ10: 2 | FA10: 2 | FB10: 2 | FC10: 2 | FD10: 2 | FE10: 7 | FF10: 7 | FG10: 7 | FH10: 7 | FI10: 7 | FJ10: 7 | FK10: 3 | FL10: 3 | FM10: 3 | FN10: 3 | FO10: 3 | FP10: 3 | FQ10: 3 | FR10: 3 | FS10: 3 | FT10: 3 | FU10: 5 | FV10: 3 | FW10: 3 | FX10: 3 | FY10: 3 | FZ10: 3 | GA10: 3 | GB10: 3 | GC10: 3 | GD10: 3 | GE10: 3 | GF10: 4 | GG10: 4 | GH10: 4 | GI10: 3 | GJ10: 3 | GK10: 3 | GL10: 3 | GM10: 3 | GN10: 3 | GO10: 4 | GP10: 4 | GQ10: 3 | GR10: 4 | GS10: 3 | GT10: 3 | GU10: 3 | GV10: 3 | GW10: 5 | GX10: 4 | GY10: 4 | GZ10: 4
A11: 2025/10/06 4:14:26 PM GMT+7 | B11: Saya bersedia menjadi responden dalam penelitian ini | C11: Ayu sonya | D11: Perempuan | E11: Desa lunas jaya | F11: 085273962249 | G11: 25 | H11: Anak | I11: D1/D2/D3 | J11: Pendatang | K11: Bidan | L11: 800000 | M11: 240000 | N11: Ya | O11: 1 | P11: 13 | Q11: 780 | R11: Kontak kerabat;Hiburan;Mencari informasi;Membeli produk | S11: Ya | T11: 1 | U11: 13 | V11: 780 | W11: Kontak kerabat;Hiburan;Mencari informasi;Membeli produk | X11: Tidak | AC11: Tidak | AH11: Ya | AI11: 1 | AJ11: 1 | AK11: 60 | AL11: Lainnya | AM11: Ya | AN11: 3 | AO11: 60 | AP11: Hiburan;Mencari informasi | AQ11: Tidak | AU11: Ya | AV11: 1 | AW11: 60 | AX11: Hiburan;Mencari informasi | AY11: Ya | AZ11: 10 | BA11: 780 | BB11: Kontak kerabat;Hiburan;Mencari informasi;Membeli produk;Menjual produk | BC11: Ya | BD11: 10 | BE11: 780 | BF11: Hiburan;Mencari informasi;Membeli produk | BG11: Ya | BH11: 2 | BI11: 120 | BJ11: Hiburan;Mencari informasi | BK11: Tidak | BO11: Ya | BP11: 2 | BQ11: 120 | BR11: Membeli produk | BS11: Tidak | BW11: Tidak | CA11: Tidak | CE11: 4 | CF11: 2 | CG11: Tidak ada | CH11: 7 | CI11: 7 | CJ11: 7 | CK11: Tentang pppk | CL11: 7 | CM11: 7 | CN11: 5 | CO11: Puskesmas | CP11: 4 | CQ11: 4 | CR11: 4 | CS11: Tutorial | CT11: 3 | CU11: 3 | CV11: 4 | CW11: 3 | CX11: 3 | CY11: 3 | CZ11: 3 | DA11: 6 | DB11: 6 | DC11: 6 | DD11: 6 | DE11: 6 | DF11: 6 | DG11: 6 | DH11: 6 | DI11: 6 | DJ11: 6 | DK11: 6 | DL11: 6 | DM11: 6 | DN11: 6 | DO11: 3 | DP11: 3 | DQ11: 3 | DR11: 3 | DS11: 3 | DT11: 3 | DU11: 3 | DV11: 5 | DW11: 5 | DX11: 5 | DY11: Tidak ada | DZ11: 5 | EA11: 5 | EB11: 5 | EC11: Pali update | ED11: 3 | EE11: 3 | EF11: 3 | EG11: Puskesmas | EH11: 3 | EI11: 3 | EJ11: 3 | EK11: Tidak ada | EL11: 3 | EM11: 3 | EN11: 3 | EO11: 3 | EP11: 3 | EQ11: 3 | ER11: 3 | ES11: 3 | ET11: 3 | EU11: 3 | EV11: 6 | EW11: 4 | EX11: 3 | EY11: 3 | EZ11: 3 | FA11: 3 | FB11: 3 | FC11: 3 | FD11: 3 | FE11: 3 | FF11: 3 | FG11: 3 | FH11: 3 | FI11: 3 | FJ11: 3 | FK11: 3 | FL11: 3 | FM11: 3 | FN11: 3 | FO11: 3 | FP11: 3 | FQ11: 3 | FR11: 3 | FS11: 3 | FT11: 3 | FU11: 5 | FV11: 3 | FW11: 3 | FX11: 3 | FY11: 3 | FZ11: 3 | GA11: 3 | GB11: 3 | GC11: 3 | GD11: 3 | GE11: 3 | GF11: 3 | GG11: 3 | GH11: 3 | GI11: 3 | GJ11: 3 | GK11: 5 | GL11: 5 | GM11: 5 | GN11: 5 | GO11: 6 | GP11: 5 | GQ11: 5 | GR11: 4 | GS11: 3 | GT11: 3 | GU11: 3 | GV11: 3 | GW11: 3 | GX11: 3 | GY11: 3 | GZ11: 3
A12: 2025/10/06 4:15:02 PM GMT+7 | B12: Saya bersedia menjadi responden dalam penelitian ini | C12: Amelia agesti | D12: Perempuan | E12: Lunas jaya | F12: 082278724577 | G12: 27 | H12: Istri | I12: D1/D2/D3 | J12: Penduduk asli | K12: Bidan desa | L12: 800 | M12: 150 | N12: Ya | O12: 1 | P12: 6 | Q12: 3 jam | R12: Lainnya | S12: Ya | T12: 1 | U12: 6 | V12: 3 jam | W12: Lainnya | X12: Tidak | AC12: Tidak | AH12: Tidak | AM12: Ya | AN12: 5 | AO12: 2 | AP12: Lainnya | AQ12: Tidak | AU12: Tidak | AY12: Ya | AZ12: 10 | BA12: 4 | BB12: Lainnya | BC12: Tidak | BG12: Ya | BH12: 2 | BI12: 3 | BJ12: Lainnya | BK12: Tidak | BO12: Tidak | BS12: Tidak | BW12: Tidak | CA12: Tidak | CE12: 1 | CF12: 1 | CG12: Tidak ada | CH12: 7 | CI12: 4 | CJ12: 7 | CK12: Bkpsdm | CL12: 7 | CM12: 7 | CN12: 5 | CO12: Grub whatsapp puskesmas | CP12: 4 | CQ12: 1 | CR12: 1 | CS12: Masalah obat | CT12: 2 | CU12: 3 | CV12: 3 | CW12: 2 | CX12: 4 | CY12: 3 | CZ12: 3 | DA12: 3 | DB12: 2 | DC12: 3 | DD12: 3 | DE12: 3 | DF12: 4 | DG12: 3 | DH12: 3 | DI12: 1 | DJ12: 1 | DK12: 3 | DL12: 3 | DM12: 3 | DN12: 3 | DO12: 1 | DP12: 1 | DQ12: 2 | DR12: 2 | DS12: 2 | DT12: 3 | DU12: 3 | DV12: 3 | DW12: 3 | DX12: 2 | DY12: Tidak ada | DZ12: 2 | EA12: 1 | EB12: 3 | EC12: Tidak ada | ED12: 2 | EE12: 2 | EF12: 2 | EG12: Tidak ada | EH12: 2 | EI12: 2 | EJ12: 3 | EK12: Tidak ada | EL12: 2 | EM12: 2 | EN12: 3 | EO12: 3 | EP12: 3 | EQ12: 2 | ER12: 2 | ES12: 3 | ET12: 5 | EU12: 3 | EV12: 4 | EW12: 4 | EX12: 4 | EY12: 3 | EZ12: 2 | FA12: 3 | FB12: 3 | FC12: 4 | FD12: 3 | FE12: 3 | FF12: 3 | FG12: 3 | FH12: 3 | FI12: 3 | FJ12: 3 | FK12: 3 | FL12: 3 | FM12: 3 | FN12: 3 | FO12: 3 | FP12: 3 | FQ12: 3 | FR12: 3 | FS12: 3 | FT12: 3 | FU12: 5 | FV12: 3 | FW12: 3 | FX12: 3 | FY12: 3 | FZ12: 3 | GA12: 3 | GB12: 3 | GC12: 3 | GD12: 3 | GE12: 3 | GF12: 3 | GG12: 3 | GH12: 2 | GI12: 2 | GJ12: 3 | GK12: 3 | GL12: 3 | GM12: 3 | GN12: 3 | GO12: 3 | GP12: 3 | GQ12: 3 | GR12: 3 | GS12: 3 | GT12: 3 | GU12: 3 | GV12: 3 | GW12: 3 | GX12: 3 | GY12: 3 | GZ12: 3
A13: 2025/10/06 4:15:16 PM GMT+7 | B13: Saya bersedia menjadi responden dalam penelitian ini | C13: Hernita | D13: Perempuan | E13: Dusun 2 desa lunas jaya | F13: 085378389842 | G13: 30 | H13: Anak | I13: SMA/SMK | J13: Penduduk asli | K13: Perangkat desa | L13: 2000.000 | M13: 100.000 | N13: Ya | O13: 1 | P13: 15 | Q13: 1000 | R13: Kontak kerabat;Hiburan;Mencari informasi;Membeli produk;Menjual produk | S13: Ya | T13: 1 | U13: 1 | V13: 1000 | W13: Kontak kerabat;Hiburan;Mencari informasi;Membeli produk;Menjual produk | X13: Tidak | AC13: Tidak | AH13: Tidak | AM13: Ya | AN13: 2 | AO13: 240 | AP13: Kontak kerabat;Hiburan;Mencari informasi;Membeli produk;Menjual produk | AQ13: Tidak | AU13: Ya | AV13: 2 | AW13: 240 | AX13: Kontak kerabat;Hiburan;Mencari informasi | AY13: Ya | AZ13: 5 | BA13: 500 | BB13: Kontak kerabat;Hiburan;Mencari informasi;Membeli produk;Menjual produk | BC13: Ya | BD13: 3 | BE13: 240 | BF13: Kontak kerabat;Hiburan;Mencari informasi;Membeli produk | BG13: Tidak | BK13: Tidak | BO13: Ya | BP13: 1 | BQ13: 30 | BR13: Membeli produk | BS13: Tidak | BW13: Tidak | CA13: Tidak | CE13: 6 | CF13: 6 | CG13: Kemensos | CH13: 7 | CI13: 7 | CJ13: 7 | CK13: Kemendes | CL13: 7 | CM13: 7 | CN13: 6 | CO13: Group keluarga | CP13: 4 | CQ13: 5 | CR13: 5 | CS13: Music/lagu | CT13: 3 | CU13: 5 | CV13: 5 | CW13: 6 | CX13: 6 | CY13: 5 | CZ13: 5 | DA13: 6 | DB13: 6 | DC13: 6 | DD13: 6 | DE13: 5 | DF13: 6 | DG13: 6 | DH13: 7 | DI13: 6 | DJ13: 6 | DK13: 6 | DL13: 5 | DM13: 6 | DN13: 6 | DO13: 6 | DP13: 6 | DQ13: 6 | DR13: 6 | DS13: 5 | DT13: 5 | DU13: 6 | DV13: 6 | DW13: 6 | DX13: 6 | DY13: Google | DZ13: 7 | EA13: 6 | EB13: 6 | EC13: Google | ED13: 6 | EE13: 7 | EF13: 6 | EG13: Perangkat desa | EH13: 7 | EI13: 7 | EJ13: 7 | EK13: Berita terkini | EL13: 5 | EM13: 7 | EN13: 6 | EO13: 6 | EP13: 7 | EQ13: 6 | ER13: 5 | ES13: 6 | ET13: 7 | EU13: 7 | EV13: 6 | EW13: 7 | EX13: 7 | EY13: 6 | EZ13: 7 | FA13: 7 | FB13: 7 | FC13: 7 | FD13: 7 | FE13: 7 | FF13: 7 | FG13: 7 | FH13: 7 | FI13: 7 | FJ13: 7 | FK13: 3 | FL13: 3 | FM13: 3 | FN13: 3 | FO13: 4 | FP13: 3 | FQ13: 3 | FR13: 3 | FS13: 3 | FT13: 3 | FU13: 5 | FV13: 3 | FW13: 3 | FX13: 4 | FY13: 3 | FZ13: 4 | GA13: 3 | GB13: 3 | GC13: 3 | GD13: 3 | GE13: 3 | GF13: 3 | GG13: 3 | GH13: 3 | GI13: 3 | GJ13: 3 | GK13: 3 | GL13: 3 | GM13: 3 | GN13: 3 | GO13: 3 | GP13: 3 | GQ13: 3 | GR13: 3 | GS13: 3 | GT13: 3 | GU13: 3 | GV13: 3 | GW13: 3 | GX13: 3 | GY13: 3 | GZ13: 3
A14: 2025/10/06 4:17:28 PM GMT+7 | B14: Saya bersedia menjadi responden dalam penelitian ini | C14: Pisri Andani | D14: Perempuan | E14: Dusun 1 Desa Lunas Jaya | F14: 085232616814 | G14: 21 | H14: Anak | I14: SMA/SMK | J14: Penduduk asli | K14: Staff Desa | L14: 500000 | M14: 100000 | N14: Ya | O14: 1 | P14: 10 | Q14: 180 | R14: Kontak kerabat;Hiburan;Mencari informasi;Membeli produk | S14: Ya | T14: 1 | U14: 10 | V14: 180 | W14: Kontak kerabat;Hiburan;Mencari informasi;Membeli produk | X14: Tidak | AC14: Tidak | AH14: Ya | AI14: 1 | AJ14: 2 | AK14: 120 | AL14: Lainnya | AM14: Ya | AN14: 1 | AO14: 30 | AP14: Hiburan | AQ14: Tidak | AU14: Ya | AV14: 1 | AW14: 30 | AX14: Hiburan;Mencari informasi | AY14: Ya | AZ14: 10 | BA14: 600 | BB14: Kontak kerabat;Hiburan;Mencari informasi | BC14: Ya | BD14: 5 | BE14: 300 | BF14: Hiburan;Mencari informasi;Membeli produk | BG14: Ya | BH14: 1 | BI14: 30 | BJ14: Hiburan | BK14: Tidak | BO14: Tidak | BS14: Tidak | BW14: Tidak | CA14: Tidak | CE14: 7 | CF14: 5 | CG14: Kemensos | CH14: 5 | CI14: 4 | CJ14: 6 | CK14: kemendikbud kemenag kemendes | CL14: 1 | CM14: 1 | CN14: 1 | CO14: tidak ada | CP14: 1 | CQ14: 1 | CR14: 1 | CS14: tidak ada | CT14: 4 | CU14: 4 | CV14: 4 | CW14: 4 | CX14: 4 | CY14: 4 | CZ14: 4 | DA14: 4 | DB14: 4 | DC14: 4 | DD14: 4 | DE14: 4 | DF14: 4 | DG14: 4 | DH14: 4 | DI14: 4 | DJ14: 4 | DK14: 4 | DL14: 4 | DM14: 4 | DN14: 4 | DO14: 4 | DP14: 4 | DQ14: 4 | DR14: 4 | DS14: 4 | DT14: 4 | DU14: 4 | DV14: 4 | DW14: 4 | DX14: 4 | DY14: tidak ada | DZ14: 4 | EA14: 4 | EB14: 4 | EC14: tidak ada | ED14: 4 | EE14: 4 | EF14: 4 | EG14: tidak ada | EH14: 4 | EI14: 4 | EJ14: 4 | EK14: tidak ada | EL14: 4 | EM14: 4 | EN14: 4 | EO14: 4 | EP14: 4 | EQ14: 4 | ER14: 4 | ES14: 4 | ET14: 4 | EU14: 4 | EV14: 4 | EW14: 4 | EX14: 4 | EY14: 4 | EZ14: 4 | FA14: 4 | FB14: 4 | FC14: 4 | FD14: 4 | FE14: 4 | FF14: 4 | FG14: 4 | FH14: 4 | FI14: 4 | FJ14: 4 | FK14: 3 | FL14: 3 | FM14: 3 | FN14: 3 | FO14: 3 | FP14: 3 | FQ14: 3 | FR14: 3 | FS14: 3 | FT14: 3 | FU14: 5 | FV14: 3 | FW14: 3 | FX14: 3 | FY14: 3 | FZ14: 3 | GA14: 3 | GB14: 3 | GC14: 3 | GD14: 3 | GE14: 3 | GF14: 3 | GG14: 3 | GH14: 3 | GI14: 3 | GJ14: 3 | GK14: 1 | GL14: 1 | GM14: 1 | GN14: 1 | GO14: 2 | GP14: 2 | GQ14: 2 | GR14: 2 | GS14: 3 | GT14: 3 | GU14: 2 | GV14: 1 | GW14: 2 | GX14: 6 | GY14: 1 | GZ14: 3
A15: 2025/10/06 5:37:13 PM GMT+7 | B15: Saya bersedia menjadi responden dalam penelitian ini | C15: Eris Julianti | D15: Perempuan | E15: Dusun ll Desa Lunas Jaya Kecamatan Tanah Abang kabupaten Penukal abab Lematang Ilir | F15: 082371773762 | G15: 26 | H15: Anak | I15: D4/S1 | J15: Penduduk asli | K15: Wirausaha | L15: 1000000 | M15: 150000 | N15: Ya | O15: 2 | P15: 20 | Q15: 10 menit | R15: Kontak kerabat;Mencari informasi;Membeli produk;Menjual produk;Lainnya | S15: Ya | T15: 2 | U15: 20 | V15: 10 menit | W15: Kontak kerabat;Mencari informasi;Membeli produk;Menjual produk;Lainnya | X15: Tidak | AC15: Tidak | AH15: Tidak | AM15: Ya | AN15: 2 | AO15: 2 menit | AP15: Kontak kerabat | AQ15: Tidak | AU15: Ya | AV15: 1 | AW15: 1 menit | AX15: Kontak kerabat | AY15: Ya | AZ15: 15 | BA15: 5 menit | BB15: Kontak kerabat;Menjual produk;Lainnya | BC15: Ya | BD15: 1 | BE15: 2 menit | BF15: Hiburan;Mencari informasi | BG15: Ya | BH15: 0 | BI15: 0 | BJ15: Mencari informasi | BK15: Tidak | BO15: Ya | BP15: 2 | BQ15: 10 menit | BR15: Membeli produk | BS15: Tidak | BW15: Tidak | CA15: Tidak | CE15: 2 | CF15: 2 | CG15: @paliterkini | CH15: 4 | CI15: 3 | CJ15: 3 | CK15: beranda/home | CL15: 4 | CM15: 3 | CN15: 1 | CO15: keluarga | CP15: 2 | CQ15: 2 | CR15: 2 | CS15: tidak ada | CT15: 2 | CU15: 2 | CV15: 2 | CW15: 2 | CX15: 2 | CY15: 2 | CZ15: 2 | DA15: 3 | DB15: 2 | DC15: 3 | DD15: 3 | DE15: 3 | DF15: 3 | DG15: 3 | DH15: 3 | DI15: 3 | DJ15: 3 | DK15: 3 | DL15: 3 | DM15: 3 | DN15: 3 | DO15: 3 | DP15: 3 | DQ15: 3 | DR15: 3 | DS15: 3 | DT15: 3 | DU15: 3 | DV15: 3 | DW15: 3 | DX15: 3 | DY15: tidak ada | DZ15: 3 | EA15: 3 | EB15: 3 | EC15: tidak ada | ED15: 3 | EE15: 3 | EF15: 3 | EG15: tidak ada | EH15: 3 | EI15: 3 | EJ15: 3 | EK15: tidak ada | EL15: 3 | EM15: 3 | EN15: 3 | EO15: 3 | EP15: 3 | EQ15: 3 | ER15: 3 | ES15: 3 | ET15: 3 | EU15: 3 | EV15: 3 | EW15: 3 | EX15: 3 | EY15: 3 | EZ15: 3 | FA15: 3 | FB15: 3 | FC15: 3 | FD15: 3 | FE15: 3 | FF15: 3 | FG15: 3 | FH15: 3 | FI15: 3 | FJ15: 3 | FK15: 3 | FL15: 3 | FM15: 3 | FN15: 3 | FO15: 3 | FP15: 3 | FQ15: 3 | FR15: 3 | FS15: 3 | FT15: 3 | FU15: 5 | FV15: 3 | FW15: 3 | FX15: 3 | FY15: 3 | FZ15: 3 | GA15: 3 | GB15: 3 | GC15: 3 | GD15: 3 | GE15: 3 | GF15: 3 | GG15: 3 | GH15: 3 | GI15: 3 | GJ15: 3 | GK15: 5 | GL15: 3 | GM15: 3 | GN15: 4 | GO15: 4 | GP15: 3 | GQ15: 3 | GR15: 3 | GS15: 3 | GT15: 3 | GU15: 3 | GV15: 3 | GW15: 3 | GX15: 3 | GY15: 3 | GZ15: 3
A16: 2025/10/06 5:47:44 PM GMT+7 | B16: Saya bersedia menjadi responden dalam penelitian ini | C16: Diah Suci Almuhyi | D16: Perempuan | E16: Dusun 2 desa lunas jaya kecamatan tanah abang kabupaten penukal abab Lematang ilir | F16: 082178029294 | G16: 26 | H16: Istri | I16: D4/S1 | J16: Pendatang | K16: Guru honorer | L16: 150000 | M16: 75000 | N16: Ya | O16: 1 | P16: 15 | Q16: 15 jam | R16: Kontak kerabat;Hiburan;Mencari informasi;Membeli produk;Lainnya | S16: Ya | T16: 1 | U16: 15 | V16: 15 | W16: Kontak kerabat;Hiburan;Mencari informasi;Membeli produk;Lainnya | X16: Tidak | AC16: Tidak | AH16: Tidak | AM16: Ya | AN16: 2 | AO16: 2 | AP16: Kontak kerabat;Hiburan;Mencari informasi | AQ16: Tidak | AU16: Ya | AV16: 1 | AW16: 1 | AX16: Hiburan;Mencari informasi | AY16: Ya | AZ16: 10 | BA16: 10 | BB16: Kontak kerabat;Mencari informasi | BC16: Ya | BD16: 5 | BE16: 4 | BF16: Hiburan;Mencari informasi;Membeli produk | BG16: Ya | BH16: 1 | BI16: 1 | BJ16: Mencari informasi | BK16: Tidak | BO16: Ya | BP16: 1 | BQ16: 1 | BR16: Membeli produk | BS16: Tidak | BW16: Tidak | CA16: Tidak | CE16: 1 | CF16: 3 | CG16: Saya lupa | CH16: 1 | CI16: 1 | CJ16: 1 | CK16: Saya melihat status di akun teman2 saya hanya untuk hiburan dan terkadang menjadi informasi | CL16: 1 | CM16: 3 | CN16: 2 | CO16: Grup sekolah yaitu dinama kan "Funtastic" | CP16: 6 | CQ16: 6 | CR16: 6 | CS16: YouTube latihan sscasn | CT16: 6 | CU16: 6 | CV16: 6 | CW16: 6 | CX16: 6 | CY16: 6 | CZ16: 6 | DA16: 6 | DB16: 6 | DC16: 6 | DD16: 6 | DE16: 6 | DF16: 6 | DG16: 6 | DH16: 6 | DI16: 6 | DJ16: 6 | DK16: 6 | DL16: 6 | DM16: 6 | DN16: 6 | DO16: 6 | DP16: 6 | DQ16: 6 | DR16: 6 | DS16: 6 | DT16: 6 | DU16: 6 | DV16: 6 | DW16: 6 | DX16: 6 | DY16: Akun resmi terkait | DZ16: 7 | EA16: 7 | EB16: 7 | EC16: Banyak sekali akun terkait namun saya ngecek di akun resmi | ED16: 6 | EE16: 7 | EF16: 7 | EG16: Funtastic | EH16: 7 | EI16: 7 | EJ16: 7 | EK16: Bkn | EL16: 7 | EM16: 7 | EN16: 7 | EO16: 7 | EP16: 7 | EQ16: 7 | ER16: 6 | ES16: 7 | ET16: 7 | EU16: 7 | EV16: 6 | EW16: 6 | EX16: 6 | EY16: 5 | EZ16: 6 | FA16: 6 | FB16: 6 | FC16: 6 | FD16: 6 | FE16: 6 | FF16: 6 | FG16: 6 | FH16: 6 | FI16: 6 | FJ16: 5 | FK16: 7 | FL16: 7 | FM16: 2 | FN16: 7 | FO16: 7 | FP16: 6 | FQ16: 6 | FR16: 6 | FS16: 6 | FT16: 6 | FU16: 2 | FV16: 2 | FW16: 2 | FX16: 7 | FY16: 7 | FZ16: 7 | GA16: 7 | GB16: 7 | GC16: 7 | GD16: 7 | GE16: 7 | GF16: 7 | GG16: 7 | GH16: 1 | GI16: 1 | GJ16: 7 | GK16: 7 | GL16: 7 | GM16: 7 | GN16: 7 | GO16: 7 | GP16: 7 | GQ16: 7 | GR16: 7 | GS16: 7 | GT16: 7 | GU16: 7 | GV16: 7 | GW16: 7 | GX16: 7 | GY16: 7 | GZ16: 7
A17: 2025/10/06 6:55:24 PM GMT+7 | B17: Saya bersedia menjadi responden dalam penelitian ini | C17: Duwi Arisa | D17: Perempuan | E17: Dusun 1 Lunas jaya | F17: 082364999692 | G17: 30 | H17: Istri | I17: SMP | J17: Penduduk asli | K17: Petani | L17: 3000000 | M17: 100000 | N17: Ya | O17: 1 | P17: 8 | Q17: 480 | R17: Kontak kerabat;Hiburan;Mencari informasi;Membeli produk;Lainnya | S17: Tidak | X17: Tidak | AC17: Tidak | AH17: Tidak | AM17: Ya | AN17: 10 | AO17: 600 | AP17: Kontak kerabat;Hiburan;Mencari informasi;Membeli produk;Lainnya | AQ17: Tidak | AU17: Tidak | AY17: Ya | AZ17: 12 | BA17: 30 | BB17: Kontak kerabat;Mencari informasi;Lainnya | BC17: Ya | BD17: 3 | BE17: 30 | BF17: Hiburan;Mencari informasi | BG17: Ya | BH17: 5 | BI17: 60 | BJ17: Hiburan;Mencari informasi;Lainnya | BK17: Tidak | BO17: Tidak | BS17: Tidak | BW17: Tidak | CA17: Tidak | CE17: 3 | CF17: 3 | CG17: YouTube, Facebook, WhatsApp. | CH17: 7 | CI17: 6 | CJ17: 6 | CK17: Facebook, WhatsApp | CL17: 6 | CM17: 7 | CN17: 7 | CO17: Semua grup yg ada . | CP17: 7 | CQ17: 6 | CR17: 6 | CS17: YouTube | CT17: 3 | CU17: 3 | CV17: 3 | CW17: 3 | CX17: 3 | CY17: 3 | CZ17: 3 | DA17: 6 | DB17: 6 | DC17: 6 | DD17: 6 | DE17: 6 | DF17: 6 | DG17: 6 | DH17: 7 | DI17: 6 | DJ17: 6 | DK17: 6 | DL17: 6 | DM17: 6 | DN17: 6 | DO17: 7 | DP17: 7 | DQ17: 7 | DR17: 7 | DS17: 7 | DT17: 7 | DU17: 7 | DV17: 3 | DW17: 3 | DX17: 3 | DY17: Website blog | DZ17: 6 | EA17: 6 | EB17: 6 | EC17: Facebook | ED17: 6 | EE17: 6 | EF17: 6 | EG17: Grup WhatsApp | EH17: 4 | EI17: 6 | EJ17: 6 | EK17: YouTube | EL17: 4 | EM17: 4 | EN17: 7 | EO17: 6 | EP17: 7 | EQ17: 5 | ER17: 5 | ES17: 5 | ET17: 6 | EU17: 7 | EV17: 7 | EW17: 5 | EX17: 4 | EY17: 3 | EZ17: 7 | FA17: 6 | FB17: 5 | FC17: 4 | FD17: 5 | FE17: 5 | FF17: 7 | FG17: 6 | FH17: 6 | FI17: 3 | FJ17: 3 | FK17: 2 | FL17: 3 | FM17: 3 | FN17: 3 | FO17: 3 | FP17: 3 | FQ17: 3 | FR17: 3 | FS17: 3 | FT17: 3 | FU17: 5 | FV17: 4 | FW17: 5 | FX17: 4 | FY17: 4 | FZ17: 5 | GA17: 4 | GB17: 4 | GC17: 4 | GD17: 4 | GE17: 4 | GF17: 4 | GG17: 4 | GH17: 4 | GI17: 4 | GJ17: 5 | GK17: 6 | GL17: 6 | GM17: 6 | GN17: 6 | GO17: 6 | GP17: 6 | GQ17: 6 | GR17: 6 | GS17: 6 | GT17: 6 | GU17: 6 | GV17: 6 | GW17: 5 | GX17: 5 | GY17: 6 | GZ17: 7
A18: 2025/10/06 7:26:49 PM GMT+7 | B18: Saya bersedia menjadi responden dalam penelitian ini | C18: Parhan Nadiansyah | D18: Laki-laki | E18: Lunas jaya dusun 3 | F18: 083852936578 | G18: 18 | H18: Anak | I18: SMA/SMK | J18: Penduduk asli | K18: Belum bekerja | L18: 0 | M18: 150 | N18: Ya | O18: 1 | P18: 2 | Q18: 60 | R18: Kontak kerabat;Hiburan;Mencari informasi;Membeli produk;Lainnya | S18: Ya | T18: 1 | U18: 2 | V18: 60 | W18: Kontak kerabat;Hiburan;Mencari informasi;Membeli produk;Lainnya | X18: Tidak | AC18: Tidak | AH18: Tidak | AM18: Tidak | AQ18: Tidak | AU18: Ya | AV18: 2 | AW18: 30 | AX18: Hiburan;Mencari informasi;Lainnya | AY18: Ya | AZ18: 2 | BA18: 30 | BB18: Kontak kerabat;Lainnya | BC18: Ya | BD18: 5 | BE18: 120 | BF18: Hiburan;Mencari informasi;Membeli produk;Lainnya | BG18: Ya | BH18: 1 | BI18: 10 | BJ18: Hiburan;Lainnya | BK18: Ya | BL18: 1 | BM18: 5 | BN18: Lainnya | BO18: Ya | BP18: 1 | BQ18: 5 | BR18: Membeli produk;Lainnya | BS18: Tidak | BW18: Tidak | CA18: Tidak | CE18: 6 | CF18: 5 | CG18: Chrome | CH18: 7 | CI18: 5 | CJ18: 5 | CK18: Tik tok | CL18: 1 | CM18: 1 | CN18: 1 | CO18: Tidak ada | CP18: 1 | CQ18: 1 | CR18: 1 | CS18: Tidak ada | CT18: 4 | CU18: 5 | CV18: 5 | CW18: 4 | CX18: 6 | CY18: 4 | CZ18: 7 | DA18: 6 | DB18: 4 | DC18: 6 | DD18: 4 | DE18: 6 | DF18: 6 | DG18: 7 | DH18: 7 | DI18: 5 | DJ18: 5 | DK18: 6 | DL18: 6 | DM18: 6 | DN18: 7 | DO18: 7 | DP18: 5 | DQ18: 5 | DR18: 5 | DS18: 6 | DT18: 5 | DU18: 7 | DV18: 6 | DW18: 5 | DX18: 5 | DY18: Chrome | DZ18: 7 | EA18: 5 | EB18: 6 | EC18: Tik tok | ED18: 4 | EE18: 4 | EF18: 5 | EG18: Berita Pali | EH18: 4 | EI18: 3 | EJ18: 5 | EK18: Tidak ada | EL18: 3 | EM18: 4 | EN18: 4 | EO18: 3 | EP18: 2 | EQ18: 1 | ER18: 2 | ES18: 2 | ET18: 3 | EU18: 3 | EV18: 3 | EW18: 3 | EX18: 1 | EY18: 1 | EZ18: 1 | FA18: 1 | FB18: 1 | FC18: 1 | FD18: 1 | FE18: 2 | FF18: 2 | FG18: 2 | FH18: 1 | FI18: 4 | FJ18: 4 | FK18: 4 | FL18: 4 | FM18: 4 | FN18: 3 | FO18: 4 | FP18: 5 | FQ18: 4 | FR18: 5 | FS18: 5 | FT18: 3 | FU18: 5 | FV18: 3 | FW18: 4 | FX18: 5 | FY18: 4 | FZ18: 4 | GA18: 5 | GB18: 3 | GC18: 3 | GD18: 5 | GE18: 3 | GF18: 5 | GG18: 2 | GH18: 3 | GI18: 5 | GJ18: 5 | GK18: 4 | GL18: 4 | GM18: 5 | GN18: 4 | GO18: 4 | GP18: 4 | GQ18: 4 | GR18: 5 | GS18: 5 | GT18: 4 | GU18: 5 | GV18: 4 | GW18: 5 | GX18: 5 | GY18: 4 | GZ18: 4
A19: 2025/10/06 7:33:28 PM GMT+7 | B19: Saya bersedia menjadi responden dalam penelitian ini | C19: Miftahul janna | D19: Perempuan | E19: Dusun 3 desa lunas jaya | F19: 082116869795 | G19: 26 | H19: Istri | I19: SMA/SMK | J19: Penduduk asli | K19: Ibu rumah tangga | L19: 1.500 | M19: 200 | N19: Ya | O19: 1 | P19: 2 | Q19: 6 jam | R19: Kontak kerabat;Hiburan;Mencari informasi | S19: Tidak | X19: Tidak | AC19: Tidak | AH19: Tidak | AM19: Ya | AN19: 2 | AO19: 3 jam | AP19: Kontak kerabat;Mencari informasi | AQ19: Tidak | AU19: Tidak | AY19: Ya | AZ19: 2 | BA19: 4 jam | BB19: Kontak kerabat | BC19: Tidak | BG19: Ya | BH19: 1 | BI19: 20 | BJ19: Hiburan | BK19: Tidak | BO19: Tidak | BS19: Tidak | BW19: Tidak | CA19: Tidak | CE19: 1 | CF19: 1 | CG19: Facebook | CH19: 7 | CI19: 7 | CJ19: 7 | CK19: Facebook | CL19: 7 | CM19: 7 | CN19: 3 | CO19: Grup keluarga | CP19: 7 | CQ19: 7 | CR19: 7 | CS19: Youtube | CT19: 7 | CU19: 7 | CV19: 3 | CW19: 3 | CX19: 3 | CY19: 3 | CZ19: 3 | DA19: 7 | DB19: 7 | DC19: 7 | DD19: 7 | DE19: 7 | DF19: 7 | DG19: 7 | DH19: 7 | DI19: 7 | DJ19: 7 | DK19: 7 | DL19: 7 | DM19: 7 | DN19: 7 | DO19: 7 | DP19: 7 | DQ19: 7 | DR19: 7 | DS19: 7 | DT19: 7 | DU19: 7 | DV19: 3 | DW19: 3 | DX19: 3 | DY19: Tidak ada | DZ19: 7 | EA19: 7 | EB19: 7 | EC19: Facebook | ED19: 3 | EE19: 3 | EF19: 7 | EG19: Grup pkk | EH19: 3 | EI19: 3 | EJ19: 3 | EK19: Youtube | EL19: 3 | EM19: 3 | EN19: 3 | EO19: 3 | EP19: 3 | EQ19: 3 | ER19: 3 | ES19: 3 | ET19: 3 | EU19: 7 | EV19: 7 | EW19: 3 | EX19: 3 | EY19: 3 | EZ19: 3 | FA19: 3 | FB19: 3 | FC19: 3 | FD19: 3 | FE19: 3 | FF19: 3 | FG19: 7 | FH19: 3 | FI19: 3 | FJ19: 7 | FK19: 3 | FL19: 3 | FM19: 3 | FN19: 3 | FO19: 3 | FP19: 3 | FQ19: 3 | FR19: 3 | FS19: 3 | FT19: 3 | FU19: 5 | FV19: 3 | FW19: 3 | FX19: 3 | FY19: 3 | FZ19: 3 | GA19: 3 | GB19: 3 | GC19: 3 | GD19: 3 | GE19: 3 | GF19: 3 | GG19: 3 | GH19: 3 | GI19: 3 | GJ19: 3 | GK19: 7 | GL19: 7 | GM19: 7 | GN19: 7 | GO19: 3 | GP19: 3 | GQ19: 3 | GR19: 3 | GS19: 3 | GT19: 3 | GU19: 3 | GV19: 3 | GW19: 3 | GX19: 7 | GY19: 1 | GZ19: 3
A20: 2025/10/06 8:12:43 PM GMT+7 | B20: Saya bersedia menjadi responden dalam penelitian ini | C20: Riski Ariska | D20: Perempuan | E20: Dusun 3 desa lunas jaya | F20: 082178696023 | G20: 28 | H20: Istri | I20: SMP | J20: Pendatang | K20: Petani | L20: 1600.000 | M20: 100.000 | N20: Ya | O20: 1 | P20: 10 | Q20: 30 | R20: Kontak kerabat;Hiburan;Mencari informasi;Membeli produk | S20: Tidak | X20: Tidak | AC20: Tidak | AH20: Tidak | AM20: Ya | AN20: 6 | AO20: 20 menit | AP20: Kontak kerabat;Hiburan;Mencari informasi;Membeli produk | AQ20: Tidak | AU20: Tidak | AY20: Ya | AZ20: 10 | BA20: 5 menit | BB20: Kontak kerabat;Hiburan;Mencari informasi | BC20: Ya | BD20: 10 | BE20: 20 | BF20: Kontak kerabat;Hiburan;Mencari informasi;Membeli produk | BG20: Tidak | BK20: Tidak | BO20: Ya | BP20: 1 | BQ20: 20 menit | BR20: Mencari informasi;Membeli produk | BS20: Tidak | BW20: Tidak | CA20: Tidak | CE20: 4 | CF20: 7 | CG20: Tik tok, facebook | CH20: 7 | CI20: 7 | CJ20: 7 | CK20: Facebook dan tiktok | CL20: 7 | CM20: 7 | CN20: 7 | CO20: Grup messenger | CP20: 1 | CQ20: 1 | CR20: 1 | CS20: Tidak ada | CT20: 4 | CU20: 7 | CV20: 7 | CW20: 4 | CX20: 4 | CY20: 3 | CZ20: 7 | DA20: 7 | DB20: 7 | DC20: 7 | DD20: 1 | DE20: 7 | DF20: 7 | DG20: 7 | DH20: 7 | DI20: 7 | DJ20: 7 | DK20: 1 | DL20: 7 | DM20: 7 | DN20: 7 | DO20: 1 | DP20: 1 | DQ20: 1 | DR20: 1 | DS20: 1 | DT20: 1 | DU20: 1 | DV20: 7 | DW20: 7 | DX20: 7 | DY20: Tik tok dan WhatsApp | DZ20: 7 | EA20: 7 | EB20: 7 | EC20: Tiktok dan WhatsApp | ED20: 7 | EE20: 7 | EF20: 7 | EG20: Tiktok dan messenger | EH20: 1 | EI20: 1 | EJ20: 4 | EK20: YouTube resep masakan | EL20: 1 | EM20: 4 | EN20: 1 | EO20: 1 | EP20: 6 | EQ20: 7 | ER20: 7 | ES20: 7 | ET20: 1 | EU20: 1 | EV20: 7 | EW20: 7 | EX20: 1 | EY20: 1 | EZ20: 1 | FA20: 1 | FB20: 1 | FC20: 1 | FD20: 1 | FE20: 1 | FF20: 1 | FG20: 1 | FH20: 1 | FI20: 7 | FJ20: 7 | FK20: 7 | FL20: 7 | FM20: 1 | FN20: 7 | FO20: 7 | FP20: 7 | FQ20: 7 | FR20: 7 | FS20: 7 | FT20: 1 | FU20: 7 | FV20: 1 | FW20: 1 | FX20: 7 | FY20: 1 | FZ20: 7 | GA20: 1 | GB20: 7 | GC20: 1 | GD20: 7 | GE20: 1 | GF20: 7 | GG20: 1 | GH20: 1 | GI20: 1 | GJ20: 7 | GK20: 7 | GL20: 7 | GM20: 7 | GN20: 7 | GO20: 7 | GP20: 7 | GQ20: 1 | GR20: 7 | GS20: 7 | GT20: 7 | GU20: 7 | GV20: 7 | GW20: 7 | GX20: 1 | GY20: 7 | GZ20: 7
A21: 2025/10/06 8:14:42 PM GMT+7 | B21: Saya bersedia menjadi responden dalam penelitian ini | C21: Wesi Melyati | D21: Perempuan | E21: Dusun 2 Desa Curup | F21: 083114782850 | G21: 25 | H21: Istri | I21: SMA/SMK | J21: Penduduk asli | K21: Guru/Honorer | L21: 450.000 | M21: 100.000 | N21: Ya | O21: 1 | P21: 4 | Q21: 30 | R21: Kontak kerabat;Hiburan | S21: Tidak | X21: Tidak | AC21: Tidak | AH21: Ya | AI21: 1 | AJ21: 2 | AK21: 60 | AL21: Lainnya | AM21: Ya | AN21: 1 | AO21: 30 | AP21: Hiburan | AQ21: Tidak | AU21: Ya | AV21: 1 | AW21: 10 | AX21: Lainnya | AY21: Ya | AZ21: 8 | BA21: 5 | BB21: Kontak kerabat;Lainnya | BC21: Ya | BD21: 1 | BE21: 60 | BF21: Hiburan;Membeli produk;Lainnya | BG21: Ya | BH21: 1 | BI21: 15 | BJ21: Lainnya | BK21: Tidak | BO21: Tidak | BS21: Tidak | BW21: Tidak | CA21: Tidak | CE21: 7 | CF21: 7 | CG21: Google | CH21: 7 | CI21: 7 | CJ21: 7 | CK21: Tik Tok | CL21: 7 | CM21: 6 | CN21: 6 | CO21: Facebook | CP21: 5 | CQ21: 6 | CR21: 5 | CS21: YouTube shorts | CT21: 7 | CU21: 6 | CV21: 7 | CW21: 1 | CX21: 6 | CY21: 6 | CZ21: 5 | DA21: 7 | DB21: 5 | DC21: 6 | DD21: 4 | DE21: 6 | DF21: 5 | DG21: 7 | DH21: 7 | DI21: 7 | DJ21: 7 | DK21: 3 | DL21: 7 | DM21: 5 | DN21: 7 | DO21: 5 | DP21: 5 | DQ21: 5 | DR21: 4 | DS21: 5 | DT21: 5 | DU21: 5 | DV21: 7 | DW21: 7 | DX21: 7 | DY21: Google | DZ21: 7 | EA21: 7 | EB21: 7 | EC21: Tik Tok | ED21: 7 | EE21: 7 | EF21: 7 | EG21: Facebook | EH21: 5 | EI21: 5 | EJ21: 7 | EK21: Short | EL21: 5 | EM21: 7 | EN21: 7 | EO21: 3 | EP21: 7 | EQ21: 7 | ER21: 7 | ES21: 6 | ET21: 6 | EU21: 6 | EV21: 7 | EW21: 3 | EX21: 5 | EY21: 5 | EZ21: 3 | FA21: 5 | FB21: 5 | FC21: 7 | FD21: 7 | FE21: 7 | FF21: 7 | FG21: 7 | FH21: 7 | FI21: 7 | FJ21: 7 | FK21: 7 | FL21: 7 | FM21: 1 | FN21: 1 | FO21: 1 | FP21: 7 | FQ21: 7 | FR21: 7 | FS21: 5 | FT21: 1 | FU21: 7 | FV21: 1 | FW21: 6 | FX21: 7 | FY21: 7 | FZ21: 7 | GA21: 1 | GB21: 1 | GC21: 1 | GD21: 6 | GE21: 6 | GF21: 7 | GG21: 1 | GH21: 5 | GI21: 7 | GJ21: 7 | GK21: 7 | GL21: 6 | GM21: 6 | GN21: 6 | GO21: 7 | GP21: 7 | GQ21: 6 | GR21: 6 | GS21: 7 | GT21: 7 | GU21: 7 | GV21: 7 | GW21: 7 | GX21: 7 | GY21: 7 | GZ21: 7
A22: 2025/10/06 8:18:28 PM GMT+7 | B22: Saya bersedia menjadi responden dalam penelitian ini | C22: Jia Mahreta | D22: Perempuan | E22: Dusun 5 Desa Curup | F22: 081273176869 | G22: 21 | H22: Anak | I22: SMA/SMK | J22: Penduduk asli | K22: Staf Kantor | L22: 500 | M22: 100 | N22: Ya | O22: 1 | P22: 4 | Q22: 10 | R22: Lainnya | S22: Tidak | X22: Tidak | AC22: Tidak | AH22: Tidak | AM22: Tidak | AQ22: Tidak | AU22: Tidak | AY22: Ya | AZ22: 4 | BA22: 10 | BB22: Lainnya | BC22: Ya | BD22: 3 | BE22: 5 | BF22: Lainnya | BG22: Ya | BH22: 3 | BI22: 5 | BJ22: Lainnya | BK22: Tidak | BO22: Tidak | BS22: Tidak | BW22: Tidak | CA22: Tidak | CE22: 7 | CF22: 7 | CG22: Google | CH22: 4 | CI22: 3 | CJ22: 3 | CK22: Tik tok | CL22: 4 | CM22: 4 | CN22: 3 | CO22: Google | CP22: 3 | CQ22: 3 | CR22: 3 | CS22: YouTube Shorts | CT22: 3 | CU22: 3 | CV22: 3 | CW22: 3 | CX22: 3 | CY22: 3 | CZ22: 3 | DA22: 4 | DB22: 4 | DC22: 4 | DD22: 4 | DE22: 4 | DF22: 4 | DG22: 4 | DH22: 4 | DI22: 4 | DJ22: 4 | DK22: 4 | DL22: 4 | DM22: 5 | DN22: 4 | DO22: 5 | DP22: 3 | DQ22: 4 | DR22: 3 | DS22: 4 | DT22: 4 | DU22: 4 | DV22: 3 | DW22: 3 | DX22: 3 | DY22: Google | DZ22: 4 | EA22: 3 | EB22: 4 | EC22: Tik tok | ED22: 4 | EE22: 5 | EF22: 5 | EG22: Google | EH22: 4 | EI22: 4 | EJ22: 5 | EK22: YouTube Shorts | EL22: 3 | EM22: 3 | EN22: 4 | EO22: 5 | EP22: 4 | EQ22: 3 | ER22: 4 | ES22: 4 | ET22: 3 | EU22: 4 | EV22: 3 | EW22: 3 | EX22: 4 | EY22: 4 | EZ22: 4 | FA22: 4 | FB22: 4 | FC22: 2 | FD22: 3 | FE22: 3 | FF22: 3 | FG22: 3 | FH22: 3 | FI22: 4 | FJ22: 4 | FK22: 5 | FL22: 4 | FM22: 5 | FN22: 4 | FO22: 3 | FP22: 4 | FQ22: 4 | FR22: 4 | FS22: 5 | FT22: 4 | FU22: 3 | FV22: 3 | FW22: 4 | FX22: 4 | FY22: 4 | FZ22: 4 | GA22: 4 | GB22: 4 | GC22: 4 | GD22: 4 | GE22: 4 | GF22: 4 | GG22: 4 | GH22: 4 | GI22: 4 | GJ22: 4 | GK22: 7 | GL22: 7 | GM22: 7 | GN22: 7 | GO22: 7 | GP22: 6 | GQ22: 6 | GR22: 6 | GS22: 6 | GT22: 5 | GU22: 6 | GV22: 6 | GW22: 6 | GX22: 7 | GY22: 7 | GZ22: 7
A23: 2025/10/06 9:01:50 PM GMT+7 | B23: Saya bersedia menjadi responden dalam penelitian ini | C23: Ahmad Raby Awaluddinsyah | D23: Laki-laki | E23: Dusun V Desa Curup | F23: 082176674562 | G23: 21 | H23: Anak | I23: SMA/SMK | J23: Penduduk asli | K23: Petani Karet | L23: 2.000 | M23: 80 | N23: Ya | O23: 1 | P23: 10 | Q23: 25 Menit | R23: Kontak kerabat;Hiburan;Mencari informasi;Membeli produk;Lainnya | S23: Ya | T23: 1 | U23: 10 | V23: 25 Menit | W23: Kontak kerabat;Hiburan;Mencari informasi;Membeli produk;Lainnya | X23: Tidak | AC23: Tidak | AH23: Tidak | AM23: Ya | AN23: 2 | AO23: 7 Menit | AP23: Hiburan | AQ23: Tidak | AU23: Ya | AV23: 5 | AW23: 2 Menit | AX23: Hiburan;Mencari informasi | AY23: Ya | AZ23: 20 | BA23: 2 Menit | BB23: Kontak kerabat;Mencari informasi | BC23: Ya | BD23: 5 | BE23: 10 Menit | BF23: Hiburan;Mencari informasi;Membeli produk | BG23: Ya | BH23: 2 | BI23: 2 Menit | BJ23: Hiburan | BK23: Tidak | BO23: Ya | BP23: 1 | BQ23: 1 Menit | BR23: Membeli produk | BS23: Tidak | BW23: Tidak | CA23: Tidak | CE23: 7 | CF23: 4 | CG23: Google.com | CH23: 7 | CI23: 4 | CJ23: 1 | CK23: Pencarian | CL23: 7 | CM23: 6 | CN23: 7 | CO23: Grup Keluarga | CP23: 7 | CQ23: 6 | CR23: 7 | CS23: PALI New | CT23: 7 | CU23: 5 | CV23: 7 | CW23: 1 | CX23: 7 | CY23: 7 | CZ23: 7 | DA23: 7 | DB23: 4 | DC23: 7 | DD23: 1 | DE23: 7 | DF23: 7 | DG23: 7 | DH23: 7 | DI23: 7 | DJ23: 7 | DK23: 1 | DL23: 7 | DM23: 7 | DN23: 7 | DO23: 7 | DP23: 4 | DQ23: 7 | DR23: 7 | DS23: 5 | DT23: 7 | DU23: 7 | DV23: 7 | DW23: 7 | DX23: 7 | DY23: Google.com | DZ23: 7 | EA23: 7 | EB23: 7 | EC23: Pencarian | ED23: 7 | EE23: 7 | EF23: 7 | EG23: Grup Keluarga/Karang Taruna | EH23: 7 | EI23: 7 | EJ23: 5 | EK23: PALI New | EL23: 7 | EM23: 7 | EN23: 7 | EO23: 7 | EP23: 7 | EQ23: 7 | ER23: 7 | ES23: 7 | ET23: 7 | EU23: 7 | EV23: 7 | EW23: 7 | EX23: 7 | EY23: 7 | EZ23: 7 | FA23: 7 | FB23: 7 | FC23: 7 | FD23: 7 | FE23: 7 | FF23: 7 | FG23: 7 | FH23: 7 | FI23: 7 | FJ23: 7 | FK23: 7 | FL23: 7 | FM23: 1 | FN23: 1 | FO23: 1 | FP23: 7 | FQ23: 7 | FR23: 7 | FS23: 1 | FT23: 1 | FU23: 7 | FV23: 1 | FW23: 1 | FX23: 7 | FY23: 7 | FZ23: 7 | GA23: 1 | GB23: 1 | GC23: 1 | GD23: 7 | GE23: 1 | GF23: 7 | GG23: 1 | GH23: 1 | GI23: 3 | GJ23: 7 | GK23: 7 | GL23: 7 | GM23: 7 | GN23: 7 | GO23: 7 | GP23: 7 | GQ23: 1 | GR23: 7 | GS23: 7 | GT23: 7 | GU23: 7 | GV23: 7 | GW23: 7 | GX23: 7 | GY23: 7 | GZ23: 7
A24: 2025/10/06 9:07:37 PM GMT+7 | B24: Saya bersedia menjadi responden dalam penelitian ini | C24: Ria dinati | D24: Perempuan | E24: Dusun 1 desa lunas jaya | F24: 082174215483 | G24: 29 | H24: Istri | I24: SMP | J24: Pendatang | K24: Ibu rumah tangga | L24: 2000000 | M24: 100000 | N24: Ya | O24: 1 | P24: 3 | Q24: Satu jam | R24: Kontak kerabat;Hiburan;Mencari informasi | S24: Tidak | X24: Tidak | AC24: Tidak | AH24: Tidak | AM24: Ya | AN24: 3 | AO24: 180menit | AP24: Hiburan | AQ24: Tidak | AU24: Tidak | AY24: Ya | AZ24: 3 | BA24: 90menit | BB24: Kontak kerabat | BC24: Ya | BD24: 1 | BE24: 30menit | BF24: Hiburan;Membeli produk | BG24: Ya | BH24: 1 | BI24: 60menit | BJ24: Hiburan | BK24: Tidak | BO24: Ya | BP24: 1 | BQ24: 60menit | BR24: Membeli produk | BS24: Tidak | BW24: Tidak | CA24: Tidak | CE24: 3 | CF24: 3 | CG24: Facebook youtub | CH24: 3 | CI24: 3 | CJ24: 3 | CK24: Vidio | CL24: 3 | CM24: 3 | CN24: 3 | CO24: Enumerator desa | CP24: 3 | CQ24: 3 | CR24: 3 | CS24: Youtube go | CT24: 3 | CU24: 3 | CV24: 3 | CW24: 3 | CX24: 3 | CY24: 3 | CZ24: 3 | DA24: 3 | DB24: 3 | DC24: 3 | DD24: 3 | DE24: 3 | DF24: 3 | DG24: 3 | DH24: 3 | DI24: 3 | DJ24: 3 | DK24: 3 | DL24: 3 | DM24: 3 | DN24: 3 | DO24: 3 | DP24: 3 | DQ24: 3 | DR24: 3 | DS24: 3 | DT24: 3 | DU24: 3 | DV24: 3 | DW24: 3 | DX24: 3 | DY24: Youtube | DZ24: 3 | EA24: 3 | EB24: 3 | EC24: Berita viral | ED24: 3 | EE24: 3 | EF24: 3 | EG24: Enumerator desa | EH24: 3 | EI24: 3 | EJ24: 3 | EK24: Berita viral | EL24: 3 | EM24: 3 | EN24: 3 | EO24: 3 | EP24: 3 | EQ24: 3 | ER24: 3 | ES24: 3 | ET24: 3 | EU24: 3 | EV24: 3 | EW24: 3 | EX24: 3 | EY24: 3 | EZ24: 3 | FA24: 3 | FB24: 3 | FC24: 3 | FD24: 3 | FE24: 3 | FF24: 3 | FG24: 3 | FH24: 3 | FI24: 3 | FJ24: 3 | FK24: 3 | FL24: 3 | FM24: 3 | FN24: 3 | FO24: 3 | FP24: 3 | FQ24: 3 | FR24: 3 | FS24: 3 | FT24: 3 | FU24: 5 | FV24: 3 | FW24: 3 | FX24: 3 | FY24: 3 | FZ24: 3 | GA24: 3 | GB24: 3 | GC24: 3 | GD24: 3 | GE24: 3 | GF24: 3 | GG24: 3 | GH24: 3 | GI24: 3 | GJ24: 3 | GK24: 3 | GL24: 3 | GM24: 3 | GN24: 3 | GO24: 3 | GP24: 3 | GQ24: 3 | GR24: 3 | GS24: 3 | GT24: 3 | GU24: 3 | GV24: 3 | GW24: 3 | GX24: 3 | GY24: 3 | GZ24: 3
A25: 2025/10/06 9:19:23 PM GMT+7 | B25: Saya bersedia menjadi responden dalam penelitian ini | C25: Ria dinati | D25: Perempuan | E25: Dusun 1 desa lunas jaya | F25: 082374882604 | G25: 29 | H25: Istri | I25: SMP | J25: Pendatang | K25: Mengurus rumah tangga | L25: 2000000 | M25: 100000 | N25: Ya | O25: 1 | P25: 3 | Q25: 180menit | R25: Kontak kerabat;Hiburan;Mencari informasi;Membeli produk | S25: Tidak | X25: Tidak | AC25: Tidak | AH25: Tidak | AM25: Ya | AN25: 3 | AO25: 180menit | AP25: Hiburan;Mencari informasi | AQ25: Tidak | AU25: Tidak | AY25: Ya | AZ25: 1 | BA25: 60menit | BB25: Kontak kerabat;Mencari informasi | BC25: Tidak | BG25: Ya | BH25: 1 | BI25: 60menit | BJ25: Hiburan;Mencari informasi | BK25: Tidak | BO25: Ya | BP25: 1 | BQ25: 60menit | BR25: Membeli produk | BS25: Tidak | BW25: Tidak | CA25: Tidak | CE25: 3 | CF25: 3 | CG25: Whatsap | CH25: 3 | CI25: 3 | CJ25: 3 | CK25: Berita | CL25: 3 | CM25: 3 | CN25: 3 | CO25: Enumerator desa | CP25: 3 | CQ25: 3 | CR25: 3 | CS25: Berita | CT25: 3 | CU25: 3 | CV25: 3 | CW25: 3 | CX25: 3 | CY25: 3 | CZ25: 3 | DA25: 3 | DB25: 3 | DC25: 3 | DD25: 3 | DE25: 3 | DF25: 3 | DG25: 3 | DH25: 3 | DI25: 3 | DJ25: 3 | DK25: 3 | DL25: 3 | DM25: 3 | DN25: 3 | DO25: 3 | DP25: 3 | DQ25: 3 | DR25: 3 | DS25: 3 | DT25: 3 | DU25: 3 | DV25: 3 | DW25: 3 | DX25: 3 | DY25: Whatsap | DZ25: 3 | EA25: 3 | EB25: 3 | EC25: Berita | ED25: 3 | EE25: 3 | EF25: 3 | EG25: Enumerator desa | EH25: 3 | EI25: 3 | EJ25: 3 | EK25: Berita | EL25: 3 | EM25: 3 | EN25: 3 | EO25: 3 | EP25: 3 | EQ25: 3 | ER25: 3 | ES25: 3 | ET25: 3 | EU25: 3 | EV25: 3 | EW25: 3 | EX25: 3 | EY25: 3 | EZ25: 3 | FA25: 3 | FB25: 3 | FC25: 3 | FD25: 3 | FE25: 3 | FF25: 3 | FG25: 3 | FH25: 3 | FI25: 3 | FJ25: 3 | FK25: 3 | FL25: 3 | FM25: 3 | FN25: 3 | FO25: 3 | FP25: 3 | FQ25: 3 | FR25: 3 | FS25: 3 | FT25: 3 | FU25: 5 | FV25: 3 | FW25: 3 | FX25: 3 | FY25: 3 | FZ25: 3 | GA25: 3 | GB25: 3 | GC25: 3 | GD25: 3 | GE25: 3 | GF25: 3 | GG25: 3 | GH25: 3 | GI25: 3 | GJ25: 3 | GK25: 3 | GL25: 3 | GM25: 3 | GN25: 3 | GO25: 3 | GP25: 3 | GQ25: 3 | GR25: 3 | GS25: 3 | GT25: 3 | GU25: 3 | GV25: 3 | GW25: 3 | GX25: 3 | GY25: 3 | GZ25: 3
A26: 2025/10/06 9:34:41 PM GMT+7 | B26: Saya bersedia menjadi responden dalam penelitian ini | C26: Ria dinati | D26: Perempuan | E26: Dusun 1 desa lunas jaya | F26: 082374882604 | G26: 29 | H26: Istri | I26: SMP | J26: Pendatang | K26: Mengurus rumah tangga | L26: 2000000 | M26: 100000 | N26: Ya | O26: 1 | P26: 3 | Q26: 180menit | R26: Kontak kerabat;Hiburan;Mencari informasi;Membeli produk | S26: Tidak | X26: Tidak | AC26: Tidak | AH26: Tidak | AM26: Ya | AN26: 3 | AO26: 180menit | AP26: Hiburan | AQ26: Tidak | AU26: Tidak | AY26: Ya | AZ26: 3 | BA26: 180menit | BB26: Kontak kerabat;Mencari informasi | BC26: Tidak | BG26: Ya | BH26: 3 | BI26: 180menit | BJ26: Hiburan;Mencari informasi | BK26: Tidak | BO26: Ya | BP26: 1 | BQ26: 60menit | BR26: Membeli produk | BS26: Tidak | BW26: Tidak | CA26: Tidak | CE26: 3 | CF26: 3 | CG26: Whatsap | CH26: 3 | CI26: 3 | CJ26: 3 | CK26: Berita | CL26: 3 | CM26: 3 | CN26: 3 | CO26: Enumerator desa | CP26: 3 | CQ26: 3 | CR26: 3 | CS26: Berita | CT26: 3 | CU26: 3 | CV26: 3 | CW26: 3 | CX26: 3 | CY26: 3 | CZ26: 3 | DA26: 3 | DB26: 3 | DC26: 3 | DD26: 3 | DE26: 3 | DF26: 3 | DG26: 3 | DH26: 3 | DI26: 3 | DJ26: 3 | DK26: 3 | DL26: 3 | DM26: 3 | DN26: 3 | DO26: 3 | DP26: 3 | DQ26: 3 | DR26: 3 | DS26: 3 | DT26: 3 | DU26: 3 | DV26: 3 | DW26: 3 | DX26: 3 | DY26: Whatsapp | DZ26: 3 | EA26: 3 | EB26: 3 | EC26: Berita | ED26: 3 | EE26: 3 | EF26: 3 | EG26: Enumerator desa | EH26: 3 | EI26: 3 | EJ26: 3 | EK26: Berita | EL26: 3 | EM26: 3 | EN26: 3 | EO26: 3 | EP26: 3 | EQ26: 3 | ER26: 3 | ES26: 3 | ET26: 3 | EU26: 3 | EV26: 3 | EW26: 3 | EX26: 3 | EY26: 3 | EZ26: 3 | FA26: 3 | FB26: 3 | FC26: 3 | FD26: 3 | FE26: 3 | FF26: 3 | FG26: 3 | FH26: 3 | FI26: 3 | FJ26: 3 | FK26: 3 | FL26: 3 | FM26: 3 | FN26: 3 | FO26: 3 | FP26: 3 | FQ26: 3 | FR26: 3 | FS26: 3 | FT26: 3 | FU26: 5 | FV26: 3 | FW26: 3 | FX26: 3 | FY26: 3 | FZ26: 3 | GA26: 3 | GB26: 3 | GC26: 3 | GD26: 3 | GE26: 3 | GF26: 3 | GG26: 3 | GH26: 3 | GI26: 3 | GJ26: 3 | GK26: 3 | GL26: 3 | GM26: 3 | GN26: 3 | GO26: 3 | GP26: 3 | GQ26: 3 | GR26: 3 | GS26: 3 | GT26: 3 | GU26: 3 | GV26: 3 | GW26: 3 | GX26: 3 | GY26: 3 | GZ26: 3
A27: 2025/10/06 10:15:25 PM GMT+7 | B27: Saya bersedia menjadi responden dalam penelitian ini | C27: Neneng Puspitasari | D27: Perempuan | E27: Dusun 5 Desa Curup | F27: 085215419733 | G27: 30 | H27: Istri | I27: SMA/SMK | J27: Penduduk asli | K27: Aparatur pemerintah desa | L27: 2000.000 | M27: 168.000 | N27: Ya | O27: 1 | P27: 10 | Q27: 240 menit | R27: Kontak kerabat;Hiburan;Mencari informasi;Membeli produk;Lainnya | S27: Tidak | X27: Tidak | AC27: Tidak | AH27: Tidak | AM27: Ya | AN27: 6 | AO27: 120 menit | AP27: Kontak kerabat;Hiburan;Mencari informasi;Lainnya | AQ27: Ya | AR27: 3 | AS27: 60 | AT27: Kontak kerabat;Hiburan;Mencari informasi;Lainnya | AU27: Ya | AV27: 3 | AW27: 180 | AX27: Kontak kerabat;Hiburan;Mencari informasi;Lainnya | AY27: Ya | AZ27: 20 | BA27: 180 | BB27: Kontak kerabat;Hiburan;Mencari informasi;Lainnya | BC27: Ya | BD27: 10 | BE27: 300 | BF27: Hiburan;Mencari informasi;Membeli produk;Lainnya | BG27: Tidak | BK27: Tidak | BO27: Tidak | BS27: Tidak | BW27: Tidak | CA27: Tidak | CE27: 7 | CF27: 6 | CG27: Tribunnews.com | CH27: 7 | CI27: 6 | CJ27: 6 | CK27: Detik.com | CL27: 6 | CM27: 6 | CN27: 6 | CO27: Secangkung seperasanan | CP27: 6 | CQ27: 6 | CR27: 6 | CS27: Helmi yahya bicara Baca suara | CT27: 6 | CU27: 6 | CV27: 6 | CW27: 7 | CX27: 6 | CY27: 7 | CZ27: 7 | DA27: 6 | DB27: 6 | DC27: 7 | DD27: 7 | DE27: 7 | DF27: 6 | DG27: 7 | DH27: 6 | DI27: 6 | DJ27: 6 | DK27: 7 | DL27: 6 | DM27: 6 | DN27: 7 | DO27: 7 | DP27: 6 | DQ27: 7 | DR27: 6 | DS27: 6 | DT27: 6 | DU27: 7 | DV27: 6 | DW27: 7 | DX27: 6 | DY27: - | DZ27: 6 | EA27: 6 | EB27: 6 | EC27: - | ED27: 6 | EE27: 7 | EF27: 7 | EG27: - | EH27: 7 | EI27: 6 | EJ27: 7 | EK27: - | EL27: 6 | EM27: 6 | EN27: 6 | EO27: 6 | EP27: 6 | EQ27: 6 | ER27: 6 | ES27: 6 | ET27: 6 | EU27: 7 | EV27: 7 | EW27: 6 | EX27: 6 | EY27: 6 | EZ27: 6 | FA27: 6 | FB27: 6 | FC27: 1 | FD27: 3 | FE27: 3 | FF27: 2 | FG27: 3 | FH27: 3 | FI27: 6 | FJ27: 6 | FK27: 5 | FL27: 6 | FM27: 4 | FN27: 2 | FO27: 5 | FP27: 6 | FQ27: 6 | FR27: 5 | FS27: 3 | FT27: 2 | FU27: 6 | FV27: 2 | FW27: 6 | FX27: 7 | FY27: 6 | FZ27: 6 | GA27: 3 | GB27: 2 | GC27: 2 | GD27: 6 | GE27: 2 | GF27: 6 | GG27: 2 | GH27: 2 | GI27: 4 | GJ27: 6 | GK27: 6 | GL27: 5 | GM27: 6 | GN27: 6 | GO27: 6 | GP27: 7 | GQ27: 6 | GR27: 6 | GS27: 7 | GT27: 6 | GU27: 6 | GV27: 6 | GW27: 6 | GX27: 6 | GY27: 6 | GZ27: 6
A28: 2025/10/06 10:49:41 PM GMT+7 | B28: Saya bersedia menjadi responden dalam penelitian ini | C28: Atika | D28: Perempuan | E28: Tanjung dalam | F28: 082281058098 | G28: 32 | H28: Istri | I28: SMA/SMK | J28: Penduduk asli | K28: Kaur perencanaan | L28: 3000000 | M28: 100 | N28: Ya | O28: 2 | P28: 7 | Q28: 5 | R28: Kontak kerabat;Hiburan;Mencari informasi;Membeli produk | S28: Ya | T28: 2 | U28: 7 | V28: 5 | W28: Kontak kerabat;Hiburan;Mencari informasi;Membeli produk | X28: Tidak | AC28: Tidak | AH28: Tidak | AM28: Ya | AN28: 7 | AO28: 5 | AP28: Kontak kerabat;Hiburan;Mencari informasi;Membeli produk | AQ28: Tidak | AU28: Ya | AV28: 1 | AW28: 1 | AX28: Hiburan | AY28: Ya | AZ28: 7 | BA28: 7 | BB28: Kontak kerabat;Hiburan;Mencari informasi;Membeli produk | BC28: Ya | BD28: 2 | BE28: 1 | BF28: Hiburan | BG28: Ya | BH28: 6 | BI28: 2 | BJ28: Hiburan;Mencari informasi | BK28: Tidak | BO28: Ya | BP28: 3 | BQ28: 3 | BR28: Membeli produk;Menjual produk | BS28: Tidak | BW28: Tidak | CA28: Tidak | CE28: 4 | CF28: 3 | CG28: 5 | CH28: 2 | CI28: 5 | CJ28: 1 | CK28: 6 | CL28: 7 | CM28: 7 | CN28: 7 | CO28: 7 | CP28: 1 | CQ28: 7 | CR28: 2 | CS28: Youtube | CT28: 7 | CU28: 1 | CV28: 1 | CW28: 1 | CX28: 7 | CY28: 7 | CZ28: 1 | DA28: 7 | DB28: 7 | DC28: 2 | DD28: 3 | DE28: 1 | DF28: 7 | DG28: 1 | DH28: 7 | DI28: 1 | DJ28: 2 | DK28: 1 | DL28: 5 | DM28: 6 | DN28: 2 | DO28: 1 | DP28: 7 | DQ28: 7 | DR28: 6 | DS28: 2 | DT28: 1 | DU28: 7 | DV28: 2 | DW28: 1 | DX28: 1 | DY28: Website | DZ28: 1 | EA28: 7 | EB28: 1 | EC28: Facebook | ED28: 6 | EE28: 7 | EF28: 1 | EG28: Wa | EH28: 7 | EI28: 6 | EJ28: 3 | EK28: Youtube | EL28: 5 | EM28: 1 | EN28: 2 | EO28: 3 | EP28: 3 | EQ28: 7 | ER28: 7 | ES28: 7 | ET28: 3 | EU28: 4 | EV28: 7 | EW28: 1 | EX28: 1 | EY28: 7 | EZ28: 7 | FA28: 1 | FB28: 7 | FC28: 6 | FD28: 4 | FE28: 7 | FF28: 3 | FG28: 1 | FH28: 1 | FI28: 5 | FJ28: 3 | FK28: 7 | FL28: 1 | FM28: 7 | FN28: 1 | FO28: 2 | FP28: 7 | FQ28: 1 | FR28: 1 | FS28: 7 | FT28: 2 | FU28: 7 | FV28: 2 | FW28: 7 | FX28: 7 | FY28: 7 | FZ28: 7 | GA28: 7 | GB28: 7 | GC28: 1 | GD28: 1 | GE28: 3 | GF28: 6 | GG28: 6 | GH28: 2 | GI28: 3 | GJ28: 7 | GK28: 7 | GL28: 1 | GM28: 7 | GN28: 7 | GO28: 1 | GP28: 7 | GQ28: 7 | GR28: 6 | GS28: 1 | GT28: 7 | GU28: 3 | GV28: 2 | GW28: 1 | GX28: 7 | GY28: 6 | GZ28: 6
A29: 2025/10/07 12:43:49 PM GMT+7 | B29: Saya bersedia menjadi responden dalam penelitian ini | C29: repliansa | D29: Laki-laki | E29: desa lunas jaya dusun 2 | F29: 085366009027 | G29: 19 | H29: Anak | I29: SMA/SMK | J29: Penduduk asli | K29: tidak bekerja | L29: 0 | M29: 100 | N29: Ya | O29: 1 | P29: 1 | Q29: 12 jam | R29: Kontak kerabat;Hiburan;Mencari informasi;Membeli produk | S29: Ya | T29: 1 | U29: 1 | V29: 12 jam | W29: Kontak kerabat;Hiburan;Mencari informasi;Membeli produk | X29: Tidak | AC29: Tidak | AH29: Tidak | AM29: Ya | AN29: 2 | AO29: 13 | AP29: Kontak kerabat;Hiburan;Mencari informasi;Membeli produk | AQ29: Tidak | AU29: Tidak | AY29: Tidak | BC29: Tidak | BG29: Tidak | BK29: Tidak | BO29: Tidak | BS29: Tidak | BW29: Tidak | CA29: Tidak | CE29: 4 | CF29: 4 | CG29: google | CH29: 3 | CI29: 3 | CJ29: 2 | CK29: tiktok | CL29: 1 | CM29: 1 | CN29: 1 | CO29: tidak ada | CP29: 4 | CQ29: 2 | CR29: 1 | CS29: tidak ada | CT29: 1 | CU29: 1 | CV29: 1 | CW29: 1 | CX29: 1 | CY29: 1 | CZ29: 1 | DA29: 1 | DB29: 1 | DC29: 1 | DD29: 1 | DE29: 1 | DF29: 1 | DG29: 1 | DH29: 1 | DI29: 1 | DJ29: 1 | DK29: 1 | DL29: 1 | DM29: 1 | DN29: 1 | DO29: 1 | DP29: 1 | DQ29: 1 | DR29: 1 | DS29: 1 | DT29: 1 | DU29: 1 | DV29: 3 | DW29: 3 | DX29: 3 | DY29: google | DZ29: 1 | EA29: 1 | EB29: 1 | EC29: tidak ada | ED29: 1 | EE29: 1 | EF29: 1 | EG29: tidak ada | EH29: 3 | EI29: 3 | EJ29: 3 | EK29: youtube | EL29: 1 | EM29: 1 | EN29: 1 | EO29: 1 | EP29: 1 | EQ29: 1 | ER29: 1 | ES29: 1 | ET29: 1 | EU29: 1 | EV29: 1 | EW29: 1 | EX29: 1 | EY29: 1 | EZ29: 1 | FA29: 1 | FB29: 1 | FC29: 1 | FD29: 1 | FE29: 1 | FF29: 2 | FG29: 1 | FH29: 1 | FI29: 1 | FJ29: 1 | FK29: 3 | FL29: 3 | FM29: 3 | FN29: 3 | FO29: 3 | FP29: 3 | FQ29: 3 | FR29: 3 | FS29: 3 | FT29: 3 | FU29: 5 | FV29: 3 | FW29: 3 | FX29: 3 | FY29: 3 | FZ29: 3 | GA29: 3 | GB29: 3 | GC29: 3 | GD29: 3 | GE29: 3 | GF29: 3 | GG29: 3 | GH29: 3 | GI29: 3 | GJ29: 3 | GK29: 3 | GL29: 3 | GM29: 3 | GN29: 3 | GO29: 3 | GP29: 3 | GQ29: 3 | GR29: 3 | GS29: 3 | GT29: 3 | GU29: 3 | GV29: 3 | GW29: 3 | GX29: 3 | GY29: 3 | GZ29: 3
A30: 2025/10/07 12:49:49 PM GMT+7 | B30: Saya bersedia menjadi responden dalam penelitian ini | C30: MONES | D30: Perempuan | E30: Dusun 1 Desa. Tanjung Dalam | F30: 083821123933 | G30: 23 | H30: Anak | I30: D4/S1 | J30: Penduduk asli | K30: Guru | L30: 500.000 | M30: 100.000 | N30: Tidak | S30: Ya | T30: 1 | U30: 3 | V30: 180 | W30: Kontak kerabat;Hiburan;Mencari informasi;Membeli produk | X30: Tidak | AC30: Tidak | AH30: Ya | AI30: 1 | AJ30: 1 | AK30: 30 | AL30: Lainnya | AM30: Tidak | AQ30: Tidak | AU30: Ya | AV30: 2 | AW30: 60 | AX30: Kontak kerabat;Hiburan;Mencari informasi | AY30: Ya | AZ30: 4 | BA30: 180 | BB30: Kontak kerabat;Mencari informasi;Membeli produk | BC30: Ya | BD30: 3 | BE30: 120 | BF30: Kontak kerabat;Hiburan;Mencari informasi;Membeli produk | BG30: Tidak | BK30: Tidak | BO30: Ya | BP30: 2 | BQ30: 60 | BR30: Membeli produk | BS30: Tidak | BW30: Tidak | CA30: Tidak | CE30: 4 | CF30: 4 | CG30: Goggle | CH30: 6 | CI30: 5 | CJ30: 5 | CK30: Vina muliana, Bumn | CL30: 5 | CM30: 5 | CN30: 4 | CO30: Info besiswa pali raya | CP30: 5 | CQ30: 5 | CR30: 5 | CS30: 0 | CT30: 5 | CU30: 5 | CV30: 5 | CW30: 3 | CX30: 4 | CY30: 4 | CZ30: 4 | DA30: 6 | DB30: 5 | DC30: 5 | DD30: 4 | DE30: 4 | DF30: 4 | DG30: 4 | DH30: 5 | DI30: 5 | DJ30: 5 | DK30: 4 | DL30: 4 | DM30: 4 | DN30: 5 | DO30: 5 | DP30: 5 | DQ30: 5 | DR30: 5 | DS30: 5 | DT30: 5 | DU30: 5 | DV30: 5 | DW30: 5 | DX30: 5 | DY30: Youtube | DZ30: 6 | EA30: 5 | EB30: 5 | EC30: - | ED30: 5 | EE30: 4 | EF30: 4 | EG30: - | EH30: 5 | EI30: 5 | EJ30: 4 | EK30: - | EL30: 3 | EM30: 3 | EN30: 4 | EO30: 2 | EP30: 3 | EQ30: 2 | ER30: 2 | ES30: 3 | ET30: 3 | EU30: 4 | EV30: 4 | EW30: 2 | EX30: 2 | EY30: 2 | EZ30: 2 | FA30: 2 | FB30: 2 | FC30: 2 | FD30: 2 | FE30: 4 | FF30: 4 | FG30: 4 | FH30: 2 | FI30: 5 | FJ30: 5 | FK30: 5 | FL30: 5 | FM30: 5 | FN30: 5 | FO30: 1 | FP30: 6 | FQ30: 6 | FR30: 6 | FS30: 2 | FT30: 2 | FU30: 6 | FV30: 1 | FW30: 4 | FX30: 6 | FY30: 4 | FZ30: 4 | GA30: 4 | GB30: 2 | GC30: 2 | GD30: 4 | GE30: 2 | GF30: 4 | GG30: 2 | GH30: 2 | GI30: 2 | GJ30: 7 | GK30: 4 | GL30: 4 | GM30: 5 | GN30: 6 | GO30: 5 | GP30: 6 | GQ30: 5 | GR30: 5 | GS30: 4 | GT30: 4 | GU30: 4 | GV30: 5 | GW30: 5 | GX30: 5 | GY30: 5 | GZ30: 4
A31: 2025/10/11 12:12:35 PM GMT+7 | B31: Saya bersedia menjadi responden dalam penelitian ini | C31: Arpin marshel Adit pia | D31: Laki-laki | E31: Desa sedupi | F31: 083853055408 | G31: 18 | H31: Anak | I31: SMA/SMK | J31: Penduduk asli | K31: Tidak bekerja | L31: 200.000 | M31: 200.000 | N31: Ya | O31: 1 | P31: 3 | Q31: 30 | R31: Kontak kerabat;Hiburan;Mencari informasi;Membeli produk;Lainnya | S31: Ya | T31: 1 | U31: 3 | V31: 30 | W31: Kontak kerabat;Hiburan;Mencari informasi;Membeli produk;Lainnya | X31: Tidak | AC31: Tidak | AH31: Tidak | AM31: Ya | AN31: 2 | AO31: 10 | AP31: Kontak kerabat;Hiburan;Mencari informasi;Lainnya | AQ31: Tidak | AU31: Ya | AV31: 3 | AW31: 30 | AX31: Kontak kerabat;Hiburan;Mencari informasi;Lainnya | AY31: Ya | AZ31: 2 | BA31: 10 | BB31: Kontak kerabat;Hiburan;Mencari informasi;Lainnya | BC31: Ya | BD31: 3 | BE31: 60 | BF31: Kontak kerabat;Hiburan;Mencari informasi;Membeli produk;Lainnya | BG31: Ya | BH31: 1 | BI31: 5 | BJ31: Hiburan | BK31: Tidak | BO31: Ya | BP31: 1 | BQ31: 10 | BR31: Mencari informasi;Membeli produk;Lainnya | BS31: Tidak | BW31: Tidak | CA31: Tidak | CE31: 4 | CF31: 4 | CG31: Tik tok | CH31: 5 | CI31: 5 | CJ31: 5 | CK31: Facebook | CL31: 2 | CM31: 2 | CN31: 2 | CO31: Tidak ada | CP31: 1 | CQ31: 1 | CR31: 1 | CS31: Tidak ada | CT31: 4 | CU31: 4 | CV31: 4 | CW31: 4 | CX31: 4 | CY31: 4 | CZ31: 4 | DA31: 6 | DB31: 6 | DC31: 6 | DD31: 6 | DE31: 6 | DF31: 6 | DG31: 6 | DH31: 1 | DI31: 1 | DJ31: 1 | DK31: 1 | DL31: 1 | DM31: 1 | DN31: 1 | DO31: 1 | DP31: 1 | DQ31: 1 | DR31: 1 | DS31: 1 | DT31: 1 | DU31: 1 | DV31: 4 | DW31: 4 | DX31: 4 | DY31: Tik tok | DZ31: 5 | EA31: 5 | EB31: 5 | EC31: Facebook | ED31: 1 | EE31: 1 | EF31: 1 | EG31: Tidak ada | EH31: 1 | EI31: 1 | EJ31: 1 | EK31: Tidak ada | EL31: 4 | EM31: 6 | EN31: 1 | EO31: 1 | EP31: 6 | EQ31: 6 | ER31: 6 | ES31: 6 | ET31: 1 | EU31: 5 | EV31: 1 | EW31: 1 | EX31: 1 | EY31: 4 | EZ31: 1 | FA31: 1 | FB31: 2 | FC31: 2 | FD31: 2 | FE31: 3 | FF31: 1 | FG31: 1 | FH31: 1 | FI31: 3 | FJ31: 2 | FK31: 4 | FL31: 4 | FM31: 4 | FN31: 4 | FO31: 4 | FP31: 4 | FQ31: 4 | FR31: 4 | FS31: 4 | FT31: 4 | FU31: 4 | FV31: 4 | FW31: 4 | FX31: 4 | FY31: 4 | FZ31: 4 | GA31: 4 | GB31: 4 | GC31: 4 | GD31: 4 | GE31: 4 | GF31: 4 | GG31: 4 | GH31: 4 | GI31: 4 | GJ31: 4 | GK31: 6 | GL31: 6 | GM31: 6 | GN31: 6 | GO31: 6 | GP31: 6 | GQ31: 6 | GR31: 6 | GS31: 6 | GT31: 6 | GU31: 6 | GV31: 6 | GW31: 3 | GX31: 6 | GY31: 4 | GZ31: 5
A32: 2025/10/11 12:20:31 PM GMT+7 | B32: Saya bersedia menjadi responden dalam penelitian ini | C32: indah angelina | D32: Perempuan | E32: dusun 5 sedupi | F32: 083898148019 | G32: 22 | H32: Anak | I32: SMA/SMK | J32: Penduduk asli | K32: pengangguran | L32: 0 | M32: 100000 | N32: Ya | O32: 1 | P32: 10 | Q32: 600 | R32: Kontak kerabat;Hiburan;Mencari informasi;Membeli produk | S32: Tidak | X32: Tidak | AC32: Tidak | AH32: Tidak | AM32: Ya | AN32: 1 | AO32: 2 | AP32: Mencari informasi | AQ32: Tidak | AU32: Ya | AV32: 1 | AW32: 3 | AX32: Kontak kerabat;Hiburan;Mencari informasi | AY32: Ya | AZ32: 5 | BA32: 360 | BB32: Kontak kerabat | BC32: Ya | BD32: 2 | BE32: 240 | BF32: Hiburan;Mencari informasi;Membeli produk | BG32: Tidak | BK32: Tidak | BO32: Ya | BP32: 1 | BQ32: 2 | BR32: Membeli produk | BS32: Tidak | BW32: Tidak | CA32: Tidak | CE32: 1 | CF32: 3 | CG32: kumparan.com | CH32: 5 | CI32: 6 | CJ32: 6 | CK32: sctv pali update dll | CL32: 6 | CM32: 6 | CN32: 6 | CO32: kepompong | CP32: 2 | CQ32: 2 | CR32: 2 | CS32: tidak ada | CT32: 6 | CU32: 5 | CV32: 6 | CW32: 5 | CX32: 6 | CY32: 6 | CZ32: 6 | DA32: 6 | DB32: 6 | DC32: 6 | DD32: 5 | DE32: 6 | DF32: 6 | DG32: 6 | DH32: 6 | DI32: 6 | DJ32: 6 | DK32: 6 | DL32: 6 | DM32: 6 | DN32: 6 | DO32: 2 | DP32: 2 | DQ32: 2 | DR32: 2 | DS32: 2 | DT32: 2 | DU32: 2 | DV32: 6 | DW32: 6 | DX32: 6 | DY32: google | DZ32: 6 | EA32: 6 | EB32: 6 | EC32: liputan | ED32: 6 | EE32: 6 | EF32: 6 | EG32: kepompong | EH32: 2 | EI32: 2 | EJ32: 2 | EK32: tidak ada | EL32: 2 | EM32: 6 | EN32: 6 | EO32: 2 | EP32: 6 | EQ32: 6 | ER32: 6 | ES32: 2 | ET32: 6 | EU32: 6 | EV32: 6 | EW32: 2 | EX32: 2 | EY32: 2 | EZ32: 2 | FA32: 3 | FB32: 2 | FC32: 2 | FD32: 2 | FE32: 2 | FF32: 6 | FG32: 6 | FH32: 2 | FI32: 6 | FJ32: 6 | FK32: 6 | FL32: 6 | FM32: 6 | FN32: 2 | FO32: 2 | FP32: 6 | FQ32: 6 | FR32: 7 | FS32: 6 | FT32: 2 | FU32: 6 | FV32: 2 | FW32: 6 | FX32: 6 | FY32: 4 | FZ32: 6 | GA32: 6 | GB32: 2 | GC32: 2 | GD32: 6 | GE32: 2 | GF32: 6 | GG32: 2 | GH32: 2 | GI32: 3 | GJ32: 6 | GK32: 6 | GL32: 6 | GM32: 6 | GN32: 6 | GO32: 6 | GP32: 6 | GQ32: 6 | GR32: 6 | GS32: 6 | GT32: 6 | GU32: 6 | GV32: 6 | GW32: 5 | GX32: 6 | GY32: 6 | GZ32: 5
A33: 2025/10/11 12:25:57 PM GMT+7 | B33: Saya bersedia menjadi responden dalam penelitian ini | C33: Sesil Anjelika Sari | D33: Perempuan | E33: Desa sedupi | F33: 082176864954 | G33: 23 | H33: Anak | I33: SMA/SMK | J33: Penduduk asli | K33: - | L33: 0 | M33: 100 | N33: Ya | O33: 1 | P33: 30 | Q33: 30 menit | R33: Kontak kerabat;Hiburan;Mencari informasi;Membeli produk;Menjual produk;Lainnya | S33: Tidak | X33: Tidak | AC33: Tidak | AH33: Tidak | AM33: Tidak | AQ33: Tidak | AU33: Ya | AV33: 10 | AW33: 30 menit | AX33: Kontak kerabat;Hiburan;Mencari informasi | AY33: Ya | AZ33: 20 | BA33: 30 menit | BB33: Kontak kerabat;Hiburan;Mencari informasi;Menjual produk | BC33: Tidak | BG33: Tidak | BK33: Tidak | BO33: Ya | BP33: 3 | BQ33: 10 menit | BR33: Membeli produk | BS33: Tidak | BW33: Tidak | CA33: Tidak | CE33: 7 | CF33: 4 | CG33: Instagram | CH33: 1 | CI33: 1 | CJ33: 7 | CK33: Berita terkini | CL33: 1 | CM33: 1 | CN33: 1 | CO33: Tidak ada | CP33: 1 | CQ33: 1 | CR33: 1 | CS33: Tidak ada | CT33: 7 | CU33: 7 | CV33: 7 | CW33: 1 | CX33: 4 | CY33: 3 | CZ33: 7 | DA33: 7 | DB33: 7 | DC33: 7 | DD33: 1 | DE33: 7 | DF33: 7 | DG33: 7 | DH33: 3 | DI33: 3 | DJ33: 2 | DK33: 3 | DL33: 3 | DM33: 3 | DN33: 3 | DO33: 5 | DP33: 5 | DQ33: 5 | DR33: 5 | DS33: 5 | DT33: 5 | DU33: 5 | DV33: 7 | DW33: 7 | DX33: 7 | DY33: Google Instagram | DZ33: 7 | EA33: 7 | EB33: 7 | EC33: Berita terkini dll | ED33: 3 | EE33: 3 | EF33: 3 | EG33: Kadang kadang | EH33: 3 | EI33: 3 | EJ33: 3 | EK33: Nadia omara tv one dll | EL33: 7 | EM33: 7 | EN33: 3 | EO33: 4 | EP33: 7 | EQ33: 7 | ER33: 7 | ES33: 7 | ET33: 4 | EU33: 7 | EV33: 1 | EW33: 1 | EX33: 1 | EY33: 1 | EZ33: 1 | FA33: 1 | FB33: 7 | FC33: 7 | FD33: 7 | FE33: 7 | FF33: 7 | FG33: 7 | FH33: 1 | FI33: 7 | FJ33: 7 | FK33: 7 | FL33: 7 | FM33: 3 | FN33: 3 | FO33: 1 | FP33: 7 | FQ33: 7 | FR33: 7 | FS33: 1 | FT33: 1 | FU33: 7 | FV33: 1 | FW33: 7 | FX33: 7 | FY33: 7 | FZ33: 7 | GA33: 1 | GB33: 1 | GC33: 1 | GD33: 7 | GE33: 1 | GF33: 7 | GG33: 1 | GH33: 1 | GI33: 3 | GJ33: 7 | GK33: 7 | GL33: 7 | GM33: 7 | GN33: 7 | GO33: 7 | GP33: 7 | GQ33: 7 | GR33: 7 | GS33: 7 | GT33: 7 | GU33: 7 | GV33: 7 | GW33: 7 | GX33: 7 | GY33: 7 | GZ33: 7
A34: 2025/10/11 12:30:18 PM GMT+7 | B34: Saya bersedia menjadi responden dalam penelitian ini | C34: TIARA | D34: Perempuan | E34: Dusun 1 desa tanjung dalam | F34: 083845858159 | G34: 18 | H34: Anak | I34: SMA/SMK | J34: Penduduk asli | K34: Tidak ada | L34: 500 | M34: 100 | N34: Ya | O34: 1 | P34: 3 | Q34: 10 | R34: Hiburan | S34: Tidak | X34: Tidak | AC34: Tidak | AH34: Tidak | AM34: Ya | AN34: 6 | AO34: 10 | AP34: Kontak kerabat;Hiburan;Mencari informasi;Membeli produk;Menjual produk;Lainnya | AQ34: Tidak | AU34: Ya | AV34: 5 | AW34: 10 | AX34: Kontak kerabat;Hiburan;Mencari informasi;Lainnya | AY34: Ya | AZ34: 5 | BA34: 10 | BB34: Kontak kerabat;Mencari informasi;Membeli produk;Menjual produk;Lainnya | BC34: Ya | BD34: 5 | BE34: 20 | BF34: Hiburan;Mencari informasi;Membeli produk;Menjual produk;Lainnya | BG34: Ya | BH34: 2 | BI34: 5 | BJ34: Hiburan;Mencari informasi;Lainnya | BK34: Tidak | BO34: Ya | BP34: 5 | BQ34: 5 | BR34: Membeli produk;Menjual produk;Lainnya | BS34: Tidak | BW34: Tidak | CA34: Tidak | CE34: 2 | CF34: 1 | CG34: Google | CH34: 3 | CI34: 3 | CJ34: 3 | CK34: Terkait berita | CL34: 3 | CM34: 2 | CN34: 2 | CO34: Grup seblak | CP34: 1 | CQ34: 3 | CR34: 5 | CS34: Mefs | CT34: 2 | CU34: 4 | CV34: 2 | CW34: 3 | CX34: 2 | CY34: 4 | CZ34: 5 | DA34: 1 | DB34: 7 | DC34: 2 | DD34: 2 | DE34: 5 | DF34: 7 | DG34: 6 | DH34: 5 | DI34: 3 | DJ34: 3 | DK34: 3 | DL34: 1 | DM34: 6 | DN34: 2 | DO34: 4 | DP34: 5 | DQ34: 5 | DR34: 5 | DS34: 6 | DT34: 7 | DU34: 1 | DV34: 4 | DW34: 6 | DX34: 6 | DY34: Google | DZ34: 4 | EA34: 2 | EB34: 6 | EC34: Facebook | ED34: 6 | EE34: 6 | EF34: 3 | EG34: Grup berita | EH34: 6 | EI34: 7 | EJ34: 7 | EK34: Facebook | EL34: 5 | EM34: 5 | EN34: 6 | EO34: 5 | EP34: 6 | EQ34: 5 | ER34: 4 | ES34: 6 | ET34: 4 | EU34: 6 | EV34: 5 | EW34: 5 | EX34: 5 | EY34: 5 | EZ34: 6 | FA34: 4 | FB34: 4 | FC34: 5 | FD34: 6 | FE34: 6 | FF34: 5 | FG34: 3 | FH34: 3 | FI34: 5 | FJ34: 6 | FK34: 7 | FL34: 6 | FM34: 6 | FN34: 4 | FO34: 5 | FP34: 5 | FQ34: 6 | FR34: 5 | FS34: 4 | FT34: 7 | FU34: 3 | FV34: 6 | FW34: 5 | FX34: 7 | FY34: 5 | FZ34: 4 | GA34: 6 | GB34: 5 | GC34: 5 | GD34: 7 | GE34: 4 | GF34: 5 | GG34: 3 | GH34: 3 | GI34: 5 | GJ34: 4 | GK34: 5 | GL34: 5 | GM34: 6 | GN34: 7 | GO34: 7 | GP34: 6 | GQ34: 6 | GR34: 6 | GS34: 7 | GT34: 7 | GU34: 7 | GV34: 7 | GW34: 7 | GX34: 7 | GY34: 6 | GZ34: 6
A35: 2025/10/11 12:31:45 PM GMT+7 | B35: Saya bersedia menjadi responden dalam penelitian ini | C35: Aldi Saputra | D35: Laki-laki | E35: Dusun 3 Sukaraja | F35: 083863670133 | G35: 22 | H35: Anak | I35: SMA/SMK | J35: Penduduk asli | K35: Belum Bekerja | L35: 0 | M35: 200 | N35: Ya | O35: 1 | P35: 2 | Q35: 30 | R35: Mencari informasi;Lainnya | S35: Tidak | X35: Tidak | AC35: Tidak | AH35: Tidak | AM35: Ya | AN35: 2 | AO35: 30 | AP35: Mencari informasi;Lainnya | AQ35: Tidak | AU35: Ya | AV35: 1 | AW35: 15 | AX35: Mencari informasi;Lainnya | AY35: Ya | AZ35: 2 | BA35: 50 | BB35: Mencari informasi;Lainnya | BC35: Ya | BD35: 2 | BE35: 25 | BF35: Hiburan;Mencari informasi;Lainnya | BG35: Ya | BH35: 1 | BI35: 15 | BJ35: Lainnya | BK35: Tidak | BO35: Tidak | BS35: Tidak | BW35: Tidak | CA35: Tidak | CE35: 1 | CF35: 1 | CG35: 1 | CH35: 2 | CI35: 2 | CJ35: 3 | CK35: 2 | CL35: 3 | CM35: 3 | CN35: 3 | CO35: 3 | CP35: 1 | CQ35: 1 | CR35: 1 | CS35: 1 | CT35: 1 | CU35: 1 | CV35: 1 | CW35: 1 | CX35: 1 | CY35: 1 | CZ35: 1 | DA35: 3 | DB35: 3 | DC35: 3 | DD35: 3 | DE35: 2 | DF35: 2 | DG35: 2 | DH35: 4 | DI35: 4 | DJ35: 4 | DK35: 4 | DL35: 3 | DM35: 3 | DN35: 2 | DO35: 2 | DP35: 2 | DQ35: 2 | DR35: 1 | DS35: 2 | DT35: 2 | DU35: 2 | DV35: 2 | DW35: 3 | DX35: 1 | DY35: 1 | DZ35: 2 | EA35: 4 | EB35: 3 | EC35: 2 | ED35: 1 | EE35: 2 | EF35: 2 | EG35: 3 | EH35: 2 | EI35: 4 | EJ35: 2 | EK35: 2 | EL35: 2 | EM35: 2 | EN35: 2 | EO35: 2 | EP35: 2 | EQ35: 2 | ER35: 1 | ES35: 2 | ET35: 1 | EU35: 2 | EV35: 2 | EW35: 4 | EX35: 2 | EY35: 1 | EZ35: 2 | FA35: 1 | FB35: 2 | FC35: 2 | FD35: 3 | FE35: 3 | FF35: 2 | FG35: 2 | FH35: 2 | FI35: 2 | FJ35: 2 | FK35: 2 | FL35: 6 | FM35: 4 | FN35: 2 | FO35: 3 | FP35: 4 | FQ35: 2 | FR35: 2 | FS35: 3 | FT35: 3 | FU35: 6 | FV35: 2 | FW35: 2 | FX35: 2 | FY35: 3 | FZ35: 3 | GA35: 2 | GB35: 3 | GC35: 2 | GD35: 2 | GE35: 2 | GF35: 2 | GG35: 2 | GH35: 2 | GI35: 3 | GJ35: 2 | GK35: 2 | GL35: 2 | GM35: 2 | GN35: 2 | GO35: 1 | GP35: 2 | GQ35: 1 | GR35: 6 | GS35: 1 | GT35: 1 | GU35: 2 | GV35: 2 | GW35: 2 | GX35: 2 | GY35: 2 | GZ35: 2
A36: 2025/10/11 12:31:57 PM GMT+7 | B36: Saya bersedia menjadi responden dalam penelitian ini | C36: inevia Elvi lendra | D36: Perempuan | E36: Sukaraja | F36: 083102789479 | G36: 16 | H36: Anak | I36: SMA/SMK | J36: Penduduk asli | K36: Pelajar | L36: 0 | M36: 50 | N36: Ya | O36: 1 | P36: 3 | Q36: 13 .20 menit | R36: Kontak kerabat;Hiburan;Membeli produk;Lainnya | S36: Ya | T36: 1 | U36: 3 | V36: 13.20 menit | W36: Kontak kerabat;Hiburan;Membeli produk | X36: Tidak | AC36: Tidak | AH36: Tidak | AM36: Ya | AN36: 3 | AO36: 2 menit | AP36: Hiburan;Mencari informasi;Membeli produk | AQ36: Tidak | AU36: Ya | AV36: 1 | AW36: 1 menit | AX36: Hiburan | AY36: Ya | AZ36: 7 | BA36: 30 menit | BB36: Kontak kerabat;Hiburan;Mencari informasi;Membeli produk | BC36: Ya | BD36: 3 | BE36: 20 menit | BF36: Hiburan;Mencari informasi | BG36: Ya | BH36: 1 | BI36: 1menit | BJ36: Hiburan | BK36: Tidak | BO36: Ya | BP36: 2 | BQ36: 1 menit | BR36: Membeli produk | BS36: Tidak | BW36: Tidak | CA36: Tidak | CE36: 1 | CF36: 7 | CG36: Google | CH36: 7 | CI36: 7 | CJ36: 7 | CK36: Hiburan | CL36: 7 | CM36: 7 | CN36: 7 | CO36: Nelpon | CP36: 1 | CQ36: 1 | CR36: 1 | CS36: Hiburan | CT36: 1 | CU36: 1 | CV36: 2 | CW36: 3 | CX36: 5 | CY36: 6 | CZ36: 7 | DA36: 4 | DB36: 6 | DC36: 5 | DD36: 5 | DE36: 5 | DF36: 5 | DG36: 5 | DH36: 5 | DI36: 5 | DJ36: 6 | DK36: 7 | DL36: 7 | DM36: 5 | DN36: 6 | DO36: 1 | DP36: 4 | DQ36: 2 | DR36: 1 | DS36: 6 | DT36: 5 | DU36: 5 | DV36: 5 | DW36: 6 | DX36: 6 | DY36: Hiburan | DZ36: 1 | EA36: 3 | EB36: 2 | EC36: Informasi | ED36: 5 | EE36: 4 | EF36: 4 | EG36: Grub sklh | EH36: 4 | EI36: 3 | EJ36: 3 | EK36: Hiburan | EL36: 6 | EM36: 5 | EN36: 5 | EO36: 5 | EP36: 5 | EQ36: 5 | ER36: 6 | ES36: 3 | ET36: 4 | EU36: 5 | EV36: 6 | EW36: 4 | EX36: 4 | EY36: 3 | EZ36: 5 | FA36: 5 | FB36: 5 | FC36: 4 | FD36: 4 | FE36: 4 | FF36: 5 | FG36: 5 | FH36: 4 | FI36: 4 | FJ36: 4 | FK36: 5 | FL36: 6 | FM36: 6 | FN36: 4 | FO36: 5 | FP36: 4 | FQ36: 5 | FR36: 5 | FS36: 4 | FT36: 5 | FU36: 3 | FV36: 4 | FW36: 5 | FX36: 5 | FY36: 4 | FZ36: 5 | GA36: 6 | GB36: 4 | GC36: 4 | GD36: 5 | GE36: 5 | GF36: 5 | GG36: 5 | GH36: 5 | GI36: 5 | GJ36: 5 | GK36: 4 | GL36: 4 | GM36: 4 | GN36: 4 | GO36: 5 | GP36: 4 | GQ36: 4 | GR36: 4 | GS36: 5 | GT36: 4 | GU36: 4 | GV36: 5 | GW36: 5 | GX36: 5 | GY36: 5 | GZ36: 5
A37: 2025/10/11 12:32:51 PM GMT+7 | B37: Saya bersedia menjadi responden dalam penelitian ini | C37: Andiko aryeski | D37: Laki-laki | E37: Dusun 2 desa Sukaraja | F37: 082311592187 | G37: 22 | H37: Anak | I37: SMA/SMK | J37: Penduduk asli | K37: Belum bekerja | L37: 0 | M37: 120.000 | N37: Ya | O37: 1 | P37: 1 | Q37: 60 | R37: Kontak kerabat;Hiburan;Mencari informasi;Membeli produk;Lainnya | S37: Tidak | X37: Tidak | AC37: Tidak | AH37: Tidak | AM37: Ya | AN37: 10 | AO37: 20 | AP37: Kontak kerabat;Mencari informasi;Membeli produk | AQ37: Tidak | AU37: Ya | AV37: 5 | AW37: 10 | AX37: Kontak kerabat;Hiburan;Mencari informasi;Membeli produk | AY37: Ya | AZ37: 24 | BA37: 60 | BB37: Kontak kerabat;Hiburan;Mencari informasi | BC37: Ya | BD37: 5 | BE37: 20 | BF37: Hiburan;Mencari informasi;Membeli produk | BG37: Ya | BH37: 2 | BI37: 30 | BJ37: Hiburan;Mencari informasi | BK37: Tidak | BO37: Tidak | BS37: Tidak | BW37: Tidak | CA37: Tidak | CE37: 6 | CF37: 5 | CG37: Google YouTube | CH37: 5 | CI37: 4 | CJ37: 3 | CK37: Beranda | CL37: 4 | CM37: 4 | CN37: 3 | CO37: Keluarga | CP37: 4 | CQ37: 3 | CR37: 4 | CS37: Beranda | CT37: 3 | CU37: 3 | CV37: 3 | CW37: 5 | CX37: 5 | CY37: 5 | CZ37: 4 | DA37: 5 | DB37: 4 | DC37: 3 | DD37: 4 | DE37: 4 | DF37: 5 | DG37: 4 | DH37: 3 | DI37: 3 | DJ37: 4 | DK37: 4 | DL37: 4 | DM37: 4 | DN37: 4 | DO37: 4 | DP37: 4 | DQ37: 4 | DR37: 4 | DS37: 4 | DT37: 4 | DU37: 4 | DV37: 4 | DW37: 4 | DX37: 4 | DY37: Google | DZ37: 4 | EA37: 4 | EB37: 4 | EC37: Beranda | ED37: 4 | EE37: 4 | EF37: 4 | EG37: Keluarga, berita terkini | EH37: 4 | EI37: 4 | EJ37: 4 | EK37: Berita terkini | EL37: 4 | EM37: 4 | EN37: 4 | EO37: 4 | EP37: 4 | EQ37: 4 | ER37: 4 | ES37: 4 | ET37: 4 | EU37: 4 | EV37: 4 | EW37: 4 | EX37: 4 | EY37: 4 | EZ37: 4 | FA37: 4 | FB37: 4 | FC37: 3 | FD37: 2 | FE37: 2 | FF37: 2 | FG37: 2 | FH37: 2 | FI37: 4 | FJ37: 3 | FK37: 3 | FL37: 3 | FM37: 3 | FN37: 3 | FO37: 3 | FP37: 3 | FQ37: 3 | FR37: 3 | FS37: 3 | FT37: 3 | FU37: 5 | FV37: 3 | FW37: 3 | FX37: 3 | FY37: 3 | FZ37: 3 | GA37: 3 | GB37: 3 | GC37: 3 | GD37: 3 | GE37: 3 | GF37: 3 | GG37: 3 | GH37: 3 | GI37: 3 | GJ37: 3 | GK37: 4 | GL37: 3 | GM37: 3 | GN37: 3 | GO37: 4 | GP37: 3 | GQ37: 3 | GR37: 3 | GS37: 3 | GT37: 3 | GU37: 3 | GV37: 3 | GW37: 1 | GX37: 1 | GY37: 1 | GZ37: 1
A38: 2025/10/11 12:34:24 PM GMT+7 | B38: Saya bersedia menjadi responden dalam penelitian ini | C38: MELIN AGUSTIN | D38: Perempuan | E38: Dusun 03 Sukaraja | F38: 082282532330 | G38: 23 | H38: Anak | I38: SMA/SMK | J38: Penduduk asli | K38: Guru honorer | L38: 300000 | M38: 100000 | N38: Ya | O38: 1 | P38: 4 | Q38: 1380 menit | R38: Kontak kerabat;Hiburan;Mencari informasi | S38: Ya | T38: 1 | U38: 4 | V38: 1380 | W38: Kontak kerabat;Hiburan;Mencari informasi | X38: Tidak | AC38: Tidak | AH38: Ya | AI38: 1 | AJ38: 1 | AK38: 60 | AL38: Mencari informasi | AM38: Ya | AN38: 2 | AO38: 120 | AP38: Mencari informasi | AQ38: Tidak | AU38: Ya | AV38: 2 | AW38: 120 | AX38: Kontak kerabat;Hiburan;Mencari informasi | AY38: Ya | AZ38: 4 | BA38: 480000 | BB38: Kontak kerabat;Mencari informasi | BC38: Ya | BD38: 4 | BE38: 360000 | BF38: Hiburan;Mencari informasi | BG38: Tidak | BK38: Tidak | BO38: Tidak | BS38: Tidak | BW38: Tidak | CA38: Tidak | CE38: 1 | CF38: 1 | CG38: Tidak ada | CH38: 7 | CI38: 4 | CJ38: 7 | CK38: Berita pali | CL38: 7 | CM38: 6 | CN38: 6 | CO38: Grup keluarga | CP38: 7 | CQ38: 7 | CR38: 7 | CS38: Tutorial apapun itu | CT38: 1 | CU38: 1 | CV38: 1 | CW38: 1 | CX38: 1 | CY38: 1 | CZ38: 1 | DA38: 5 | DB38: 5 | DC38: 4 | DD38: 1 | DE38: 3 | DF38: 3 | DG38: 7 | DH38: 7 | DI38: 7 | DJ38: 7 | DK38: 1 | DL38: 7 | DM38: 6 | DN38: 7 | DO38: 4 | DP38: 7 | DQ38: 7 | DR38: 7 | DS38: 7 | DT38: 7 | DU38: 7 | DV38: 4 | DW38: 3 | DX38: 4 | DY38: Tidak ada | DZ38: 5 | EA38: 4 | EB38: 3 | EC38: Tiktok | ED38: 7 | EE38: 7 | EF38: 7 | EG38: Grup keluarga | EH38: 7 | EI38: 7 | EJ38: 7 | EK38: Tutorial apapun itu | EL38: 1 | EM38: 1 | EN38: 1 | EO38: 1 | EP38: 1 | EQ38: 4 | ER38: 6 | ES38: 5 | ET38: 5 | EU38: 5 | EV38: 6 | EW38: 5 | EX38: 1 | EY38: 1 | EZ38: 1 | FA38: 1 | FB38: 1 | FC38: 2 | FD38: 4 | FE38: 4 | FF38: 4 | FG38: 4 | FH38: 4 | FI38: 4 | FJ38: 4 | FK38: 4 | FL38: 4 | FM38: 4 | FN38: 4 | FO38: 4 | FP38: 4 | FQ38: 4 | FR38: 4 | FS38: 4 | FT38: 4 | FU38: 4 | FV38: 4 | FW38: 4 | FX38: 4 | FY38: 4 | FZ38: 4 | GA38: 4 | GB38: 3 | GC38: 4 | GD38: 4 | GE38: 4 | GF38: 4 | GG38: 4 | GH38: 4 | GI38: 4 | GJ38: 4 | GK38: 4 | GL38: 3 | GM38: 4 | GN38: 3 | GO38: 3 | GP38: 3 | GQ38: 3 | GR38: 2 | GS38: 1 | GT38: 1 | GU38: 2 | GV38: 4 | GW38: 4 | GX38: 4 | GY38: 4 | GZ38: 4
A39: 2025/10/11 12:34:54 PM GMT+7 | B39: Saya bersedia menjadi responden dalam penelitian ini | C39: Lala dwianti | D39: Perempuan | E39: Dusun 3 Desa Sukaraja | F39: 082176457821 | G39: 18 | H39: Anak | I39: SMA/SMK | J39: Penduduk asli | K39: Tidak ada | L39: 0 | M39: 150 | N39: Ya | O39: 1 | P39: 4 | Q39: 60 | R39: Kontak kerabat;Hiburan;Mencari informasi;Membeli produk;Menjual produk;Lainnya | S39: Ya | T39: 1 | U39: 4 | V39: 60 | W39: Kontak kerabat;Hiburan;Mencari informasi;Membeli produk;Lainnya | X39: Tidak | AC39: Tidak | AH39: Tidak | AM39: Ya | AN39: 5 | AO39: 60 | AP39: Kontak kerabat;Hiburan;Mencari informasi;Membeli produk;Lainnya | AQ39: Tidak | AU39: Ya | AV39: 5 | AW39: 60 | AX39: Kontak kerabat;Hiburan;Mencari informasi;Lainnya | AY39: Ya | AZ39: 10 | BA39: 1000 | BB39: Kontak kerabat;Hiburan;Mencari informasi | BC39: Ya | BD39: 10 | BE39: 1000 | BF39: Kontak kerabat;Hiburan;Mencari informasi;Membeli produk;Menjual produk | BG39: Tidak | BK39: Tidak | BO39: Tidak | BS39: Tidak | BW39: Tidak | CA39: Tidak | CE39: 3 | CF39: 3 | CG39: Tidak ada | CH39: 7 | CI39: 6 | CJ39: 5 | CK39: Facebook | CL39: 5 | CM39: 5 | CN39: 5 | CO39: Tidak ada | CP39: 3 | CQ39: 3 | CR39: 4 | CS39: Tidak ada | CT39: 2 | CU39: 2 | CV39: 1 | CW39: 1 | CX39: 1 | CY39: 1 | CZ39: 2 | DA39: 5 | DB39: 6 | DC39: 5 | DD39: 5 | DE39: 5 | DF39: 6 | DG39: 5 | DH39: 4 | DI39: 4 | DJ39: 4 | DK39: 3 | DL39: 5 | DM39: 5 | DN39: 5 | DO39: 4 | DP39: 4 | DQ39: 3 | DR39: 4 | DS39: 3 | DT39: 3 | DU39: 3 | DV39: 3 | DW39: 2 | DX39: 3 | DY39: Tidak ada | DZ39: 3 | EA39: 3 | EB39: 3 | EC39: Tidak ada | ED39: 4 | EE39: 5 | EF39: 5 | EG39: Grub keluarga | EH39: 5 | EI39: 5 | EJ39: 3 | EK39: Album musik | EL39: 2 | EM39: 3 | EN39: 3 | EO39: 2 | EP39: 2 | EQ39: 2 | ER39: 2 | ES39: 3 | ET39: 5 | EU39: 4 | EV39: 2 | EW39: 3 | EX39: 3 | EY39: 2 | EZ39: 3 | FA39: 2 | FB39: 3 | FC39: 4 | FD39: 2 | FE39: 2 | FF39: 4 | FG39: 2 | FH39: 4 | FI39: 4 | FJ39: 4 | FK39: 3 | FL39: 3 | FM39: 4 | FN39: 3 | FO39: 3 | FP39: 5 | FQ39: 4 | FR39: 4 | FS39: 4 | FT39: 4 | FU39: 4 | FV39: 4 | FW39: 3 | FX39: 4 | FY39: 3 | FZ39: 4 | GA39: 2 | GB39: 5 | GC39: 5 | GD39: 4 | GE39: 6 | GF39: 4 | GG39: 2 | GH39: 3 | GI39: 3 | GJ39: 3 | GK39: 3 | GL39: 3 | GM39: 2 | GN39: 3 | GO39: 5 | GP39: 6 | GQ39: 4 | GR39: 5 | GS39: 4 | GT39: 4 | GU39: 3 | GV39: 3 | GW39: 4 | GX39: 4 | GY39: 5 | GZ39: 2
A40: 2025/10/11 12:36:21 PM GMT+7 | B40: Saya bersedia menjadi responden dalam penelitian ini | C40: ELNI | D40: Perempuan | E40: Dusun 02 Desa Sukaraja | F40: 083114763391 | G40: 20 | H40: Anak | I40: SMA/SMK | J40: Penduduk asli | K40: Belum Bekerja | L40: 0 | M40: 150.000 | N40: Ya | O40: 1 | P40: 1 | Q40: 60 | R40: Kontak kerabat;Hiburan;Mencari informasi | S40: Ya | T40: 1 | U40: 1 | V40: 60 | W40: Kontak kerabat | X40: Tidak | AC40: Tidak | AH40: Tidak | AM40: Ya | AN40: 1 | AO40: 1 | AP40: Kontak kerabat;Hiburan;Mencari informasi | AQ40: Tidak | AU40: Tidak | AY40: Ya | AZ40: 2 | BA40: 60 | BB40: Kontak kerabat;Hiburan;Mencari informasi | BC40: Ya | BD40: 2 | BE40: 60 | BF40: Kontak kerabat;Hiburan;Mencari informasi | BG40: Tidak | BK40: Tidak | BO40: Tidak | BS40: Tidak | BW40: Tidak | CA40: Tidak | CE40: 4 | CF40: 4 | CG40: Gugle cromm | CH40: 4 | CI40: 4 | CJ40: 4 | CK40: Facebook | CL40: 4 | CM40: 4 | CN40: 4 | CO40: Whatsapp | CP40: 3 | CQ40: 3 | CR40: 3 | CS40: Youtube | CT40: 1 | CU40: 1 | CV40: 1 | CW40: 1 | CX40: 1 | CY40: 1 | CZ40: 1 | DA40: 3 | DB40: 3 | DC40: 3 | DD40: 3 | DE40: 3 | DF40: 3 | DG40: 3 | DH40: 2 | DI40: 2 | DJ40: 2 | DK40: 2 | DL40: 2 | DM40: 2 | DN40: 2 | DO40: 2 | DP40: 2 | DQ40: 2 | DR40: 2 | DS40: 2 | DT40: 2 | DU40: 2 | DV40: 2 | DW40: 2 | DX40: 2 | DY40: Gugle | DZ40: 2 | EA40: 2 | EB40: 2 | EC40: Facebook | ED40: 2 | EE40: 2 | EF40: 2 | EG40: Whatsapp | EH40: 2 | EI40: 2 | EJ40: 2 | EK40: Tidak ada | EL40: 2 | EM40: 2 | EN40: 2 | EO40: 2 | EP40: 2 | EQ40: 2 | ER40: 2 | ES40: 2 | ET40: 2 | EU40: 2 | EV40: 2 | EW40: 2 | EX40: 2 | EY40: 2 | EZ40: 2 | FA40: 2 | FB40: 2 | FC40: 2 | FD40: 2 | FE40: 2 | FF40: 2 | FG40: 2 | FH40: 2 | FI40: 2 | FJ40: 2 | FK40: 5 | FL40: 5 | FM40: 7 | FN40: 7 | FO40: 6 | FP40: 6 | FQ40: 6 | FR40: 6 | FS40: 6 | FT40: 6 | FU40: 2 | FV40: 6 | FW40: 6 | FX40: 5 | FY40: 6 | FZ40: 6 | GA40: 6 | GB40: 6 | GC40: 6 | GD40: 6 | GE40: 6 | GF40: 6 | GG40: 6 | GH40: 6 | GI40: 6 | GJ40: 6 | GK40: 6 | GL40: 6 | GM40: 6 | GN40: 6 | GO40: 6 | GP40: 6 | GQ40: 6 | GR40: 6 | GS40: 6 | GT40: 6 | GU40: 6 | GV40: 6 | GW40: 6 | GX40: 6 | GY40: 6 | GZ40: 6
A41: 2025/10/11 12:37:07 PM GMT+7 | B41: Saya bersedia menjadi responden dalam penelitian ini | C41: Eri karlina | D41: Perempuan | E41: dusun 2 desa sedupi | F41: 085279278640 | G41: 24 | H41: Anak | I41: SMA/SMK | J41: Penduduk asli | K41: belum bekerja | L41: 0 | M41: 100000 | N41: Ya | O41: 1 | P41: 10 | Q41: 30 | R41: Hiburan;Mencari informasi;Membeli produk | S41: Ya | T41: 1 | U41: 10 | V41: 30 | W41: Kontak kerabat;Hiburan;Mencari informasi | X41: Tidak | AC41: Tidak | AH41: Ya | AI41: 1 | AJ41: 1 | AK41: 20 | AL41: Kontak kerabat;Hiburan;Mencari informasi | AM41: Ya | AN41: 3 | AO41: 30 | AP41: Mencari informasi | AQ41: Tidak | AU41: Ya | AV41: 5 | AW41: 30 | AX41: Mencari informasi;Membeli produk | AY41: Ya | AZ41: 10 | BA41: 30 | BB41: Kontak kerabat | BC41: Ya | BD41: 5 | BE41: 20 | BF41: Mencari informasi;Membeli produk;Lainnya | BG41: Ya | BH41: 1 | BI41: 10 | BJ41: Hiburan | BK41: Tidak | BO41: Ya | BP41: 2 | BQ41: 20 | BR41: Membeli produk | BS41: Tidak | BW41: Tidak | CA41: Tidak | CE41: 6 | CF41: 5 | CG41: Goggle kompas.Com | CH41: 7 | CI41: 7 | CJ41: 7 | CK41: goggle | CL41: 7 | CM41: 7 | CN41: 7 | CO41: group kuliah | CP41: 7 | CQ41: 7 | CR41: 7 | CS41: breaking news | CT41: 7 | CU41: 7 | CV41: 7 | CW41: 7 | CX41: 7 | CY41: 7 | CZ41: 7 | DA41: 7 | DB41: 7 | DC41: 7 | DD41: 7 | DE41: 7 | DF41: 7 | DG41: 7 | DH41: 7 | DI41: 7 | DJ41: 7 | DK41: 7 | DL41: 7 | DM41: 7 | DN41: 7 | DO41: 7 | DP41: 7 | DQ41: 7 | DR41: 7 | DS41: 7 | DT41: 7 | DU41: 7 | DV41: 7 | DW41: 7 | DX41: 7 | DY41: goggle | DZ41: 7 | EA41: 7 | EB41: 7 | EC41: instagram | ED41: 7 | EE41: 7 | EF41: 7 | EG41: group kuliah | EH41: 7 | EI41: 7 | EJ41: 7 | EK41: breaking news | EL41: 7 | EM41: 7 | EN41: 7 | EO41: 7 | EP41: 7 | EQ41: 7 | ER41: 7 | ES41: 7 | ET41: 7 | EU41: 7 | EV41: 7 | EW41: 7 | EX41: 7 | EY41: 7 | EZ41: 7 | FA41: 7 | FB41: 7 | FC41: 7 | FD41: 7 | FE41: 7 | FF41: 7 | FG41: 7 | FH41: 7 | FI41: 7 | FJ41: 7 | FK41: 7 | FL41: 7 | FM41: 7 | FN41: 7 | FO41: 7 | FP41: 7 | FQ41: 7 | FR41: 7 | FS41: 7 | FT41: 7 | FU41: 1 | FV41: 7 | FW41: 7 | FX41: 7 | FY41: 7 | FZ41: 7 | GA41: 7 | GB41: 7 | GC41: 7 | GD41: 7 | GE41: 7 | GF41: 7 | GG41: 7 | GH41: 7 | GI41: 7 | GJ41: 7 | GK41: 7 | GL41: 7 | GM41: 7 | GN41: 7 | GO41: 7 | GP41: 7 | GQ41: 7 | GR41: 7 | GS41: 7 | GT41: 7 | GU41: 7 | GV41: 7 | GW41: 7 | GX41: 7 | GY41: 7 | GZ41: 7
A42: 2025/10/11 12:37:42 PM GMT+7 | B42: Saya bersedia menjadi responden dalam penelitian ini | C42: Candra Aprianto | D42: Laki-laki | E42: Desa sukaraja dusun 01 | F42: 083114763572 | G42: 27 | H42: Anak | I42: SMA/SMK | J42: Penduduk asli | K42: Tidak bekerja | L42: 200 | M42: 150 | N42: Ya | O42: 1 | P42: 3 | Q42: 30 | R42: Lainnya | S42: Tidak | X42: Tidak | AC42: Tidak | AH42: Tidak | AM42: Ya | AN42: 3 | AO42: 2 menit | AP42: Lainnya | AQ42: Tidak | AU42: Ya | AV42: 1 | AW42: 10 | AX42: Kontak kerabat | AY42: Ya | AZ42: 3 | BA42: 60 | BB42: Kontak kerabat | BC42: Ya | BD42: 6 | BE42: 60 | BF42: Kontak kerabat | BG42: Tidak | BK42: Tidak | BO42: Tidak | BS42: Tidak | BW42: Tidak | CA42: Tidak | CE42: 2 | CF42: 1 | CG42: Tidak | CH42: 1 | CI42: 1 | CJ42: 1 | CK42: Iya | CL42: 1 | CM42: 1 | CN42: 1 | CO42: Tidak ada | CP42: 1 | CQ42: 1 | CR42: 1 | CS42: 0 | CT42: 1 | CU42: 1 | CV42: 1 | CW42: 1 | CX42: 1 | CY42: 1 | CZ42: 1 | DA42: 1 | DB42: 1 | DC42: 1 | DD42: 1 | DE42: 1 | DF42: 1 | DG42: 1 | DH42: 1 | DI42: 1 | DJ42: 1 | DK42: 1 | DL42: 1 | DM42: 1 | DN42: 1 | DO42: 1 | DP42: 1 | DQ42: 1 | DR42: 1 | DS42: 1 | DT42: 1 | DU42: 1 | DV42: 1 | DW42: 1 | DX42: 1 | DY42: 0 | DZ42: 1 | EA42: 1 | EB42: 1 | EC42: 0 | ED42: 1 | EE42: 1 | EF42: 1 | EG42: 0 | EH42: 1 | EI42: 1 | EJ42: 1 | EK42: 0 | EL42: 1 | EM42: 1 | EN42: 1 | EO42: 1 | EP42: 1 | EQ42: 1 | ER42: 1 | ES42: 1 | ET42: 1 | EU42: 1 | EV42: 1 | EW42: 1 | EX42: 1 | EY42: 1 | EZ42: 1 | FA42: 1 | FB42: 1 | FC42: 1 | FD42: 1 | FE42: 1 | FF42: 1 | FG42: 1 | FH42: 1 | FI42: 1 | FJ42: 1 | FK42: 1 | FL42: 1 | FM42: 1 | FN42: 1 | FO42: 1 | FP42: 1 | FQ42: 1 | FR42: 1 | FS42: 1 | FT42: 1 | FU42: 7 | FV42: 1 | FW42: 1 | FX42: 1 | FY42: 1 | FZ42: 1 | GA42: 1 | GB42: 1 | GC42: 1 | GD42: 1 | GE42: 1 | GF42: 1 | GG42: 1 | GH42: 1 | GI42: 1 | GJ42: 1 | GK42: 4 | GL42: 4 | GM42: 6 | GN42: 7 | GO42: 4 | GP42: 4 | GQ42: 6 | GR42: 7 | GS42: 5 | GT42: 4 | GU42: 5 | GV42: 5 | GW42: 5 | GX42: 5 | GY42: 6 | GZ42: 6
A43: 2025/10/11 12:38:42 PM GMT+7 | B43: Saya bersedia menjadi responden dalam penelitian ini | C43: Eci krisna | D43: Perempuan | E43: Dusun II desa sukaraja | F43: 083126081445 | G43: 26 | H43: Anak | I43: SMA/SMK | J43: Penduduk asli | K43: Staf polsek | L43: 500000 | M43: 200000 | N43: Ya | O43: 1 | P43: 1.380 | Q43: 1.380 | R43: Kontak kerabat;Hiburan;Mencari informasi;Membeli produk;Menjual produk | S43: Ya | T43: 1 | U43: 1 | V43: 1.380 | W43: Kontak kerabat;Hiburan;Mencari informasi;Membeli produk;Menjual produk;Lainnya | X43: Tidak | AC43: Tidak | AH43: Tidak | AM43: Ya | AN43: 4 | AO43: 1.380 | AP43: Kontak kerabat;Hiburan;Mencari informasi;Membeli produk;Menjual produk | AQ43: Tidak | AU43: Ya | AV43: 4 | AW43: 1.380 | AX43: Kontak kerabat;Hiburan;Mencari informasi;Membeli produk;Menjual produk | AY43: Ya | AZ43: 4 | BA43: 1.380 | BB43: Kontak kerabat;Hiburan;Mencari informasi;Membeli produk;Menjual produk;Lainnya | BC43: Ya | BD43: 4 | BE43: 1 380 | BF43: Kontak kerabat;Hiburan;Mencari informasi;Membeli produk;Menjual produk;Lainnya | BG43: Tidak | BK43: Tidak | BO43: Tidak | BS43: Tidak | BW43: Tidak | CA43: Tidak | CE43: 1 | CF43: 1 | CG43: Gogle | CH43: 7 | CI43: 7 | CJ43: 7 | CK43: Vina Maulina | CL43: 7 | CM43: 7 | CN43: 7 | CO43: Grub pekerjaan | CP43: 7 | CQ43: 7 | CR43: 7 | CS43: Ria ricis | CT43: 7 | CU43: 7 | CV43: 7 | CW43: 7 | CX43: 7 | CY43: 7 | CZ43: 7 | DA43: 7 | DB43: 7 | DC43: 7 | DD43: 7 | DE43: 7 | DF43: 7 | DG43: 7 | DH43: 7 | DI43: 7 | DJ43: 7 | DK43: 7 | DL43: 7 | DM43: 7 | DN43: 7 | DO43: 7 | DP43: 7 | DQ43: 7 | DR43: 7 | DS43: 7 | DT43: 7 | DU43: 7 | DV43: 5 | DW43: 5 | DX43: 5 | DY43: Chrome | DZ43: 7 | EA43: 7 | EB43: 7 | EC43: Daveina skincare | ED43: 7 | EE43: 7 | EF43: 7 | EG43: Grub kerja | EH43: 7 | EI43: 7 | EJ43: 7 | EK43: Chanel ria ricis | EL43: 7 | EM43: 7 | EN43: 7 | EO43: 7 | EP43: 7 | EQ43: 7 | ER43: 7 | ES43: 7 | ET43: 7 | EU43: 7 | EV43: 7 | EW43: 7 | EX43: 7 | EY43: 7 | EZ43: 7 | FA43: 7 | FB43: 7 | FC43: 7 | FD43: 7 | FE43: 7 | FF43: 7 | FG43: 7 | FH43: 7 | FI43: 7 | FJ43: 7 | FK43: 7 | FL43: 7 | FM43: 7 | FN43: 7 | FO43: 7 | FP43: 7 | FQ43: 7 | FR43: 7 | FS43: 7 | FT43: 1 | FU43: 7 | FV43: 1 | FW43: 4 | FX43: 7 | FY43: 7 | FZ43: 7 | GA43: 7 | GB43: 7 | GC43: 7 | GD43: 7 | GE43: 7 | GF43: 7 | GG43: 7 | GH43: 4 | GI43: 4 | GJ43: 5 | GK43: 7 | GL43: 7 | GM43: 7 | GN43: 7 | GO43: 7 | GP43: 7 | GQ43: 7 | GR43: 7 | GS43: 7 | GT43: 7 | GU43: 7 | GV43: 5 | GW43: 5 | GX43: 5 | GY43: 5 | GZ43: 4
A44: 2025/10/11 12:41:59 PM GMT+7 | B44: Saya bersedia menjadi responden dalam penelitian ini | C44: Indah fariska putri | D44: Perempuan | E44: Dusun 2 sukaraja | F44: 083809491266 | G44: 22 | H44: Anak | I44: SMA/SMK | J44: Pendatang | K44: Tidak bekerja | L44: 0 | M44: 130.000 | N44: Ya | O44: 1 | P44: 4 | Q44: 1380 | R44: Kontak kerabat;Hiburan;Mencari informasi;Membeli produk;Lainnya | S44: Ya | T44: 1 | U44: 4 | V44: 1380 | W44: Kontak kerabat;Hiburan;Mencari informasi;Membeli produk;Lainnya | X44: Tidak | AC44: Tidak | AH44: Tidak | AM44: Ya | AN44: 2 | AO44: 30 | AP44: Hiburan | AQ44: Tidak | AU44: Ya | AV44: 2 | AW44: 60 | AX44: Hiburan | AY44: Ya | AZ44: 10 | BA44: 1500 | BB44: Kontak kerabat;Mencari informasi;Lainnya | BC44: Ya | BD44: 10 | BE44: 3000 | BF44: Hiburan;Mencari informasi;Lainnya | BG44: Tidak | BK44: Tidak | BO44: Tidak | BS44: Tidak | BW44: Tidak | CA44: Tidak | CE44: 1 | CF44: 1 | CG44: Tidak ada | CH44: 7 | CI44: 7 | CJ44: 7 | CK44: Tidak ada | CL44: 7 | CM44: 7 | CN44: 7 | CO44: Kucar kacir | CP44: 1 | CQ44: 1 | CR44: 1 | CS44: Tidak ada | CT44: 1 | CU44: 1 | CV44: 1 | CW44: 1 | CX44: 1 | CY44: 1 | CZ44: 1 | DA44: 7 | DB44: 7 | DC44: 7 | DD44: 7 | DE44: 7 | DF44: 7 | DG44: 7 | DH44: 7 | DI44: 7 | DJ44: 7 | DK44: 7 | DL44: 7 | DM44: 7 | DN44: 7 | DO44: 1 | DP44: 1 | DQ44: 1 | DR44: 1 | DS44: 1 | DT44: 1 | DU44: 1 | DV44: 1 | DW44: 1 | DX44: 1 | DY44: Tidak ada | DZ44: 7 | EA44: 7 | EB44: 7 | EC44: Berita pali | ED44: 7 | EE44: 7 | EF44: 7 | EG44: Kucar kacir | EH44: 1 | EI44: 1 | EJ44: 1 | EK44: Tidak ada | EL44: 1 | EM44: 1 | EN44: 1 | EO44: 1 | EP44: 1 | EQ44: 1 | ER44: 1 | ES44: 1 | ET44: 1 | EU44: 1 | EV44: 7 | EW44: 1 | EX44: 1 | EY44: 1 | EZ44: 1 | FA44: 1 | FB44: 1 | FC44: 1 | FD44: 1 | FE44: 1 | FF44: 1 | FG44: 1 | FH44: 1 | FI44: 1 | FJ44: 1 | FK44: 5 | FL44: 5 | FM44: 5 | FN44: 5 | FO44: 5 | FP44: 5 | FQ44: 5 | FR44: 5 | FS44: 5 | FT44: 5 | FU44: 3 | FV44: 5 | FW44: 5 | FX44: 5 | FY44: 5 | FZ44: 5 | GA44: 5 | GB44: 5 | GC44: 5 | GD44: 5 | GE44: 5 | GF44: 5 | GG44: 5 | GH44: 5 | GI44: 5 | GJ44: 5 | GK44: 4 | GL44: 4 | GM44: 4 | GN44: 4 | GO44: 4 | GP44: 4 | GQ44: 4 | GR44: 4 | GS44: 6 | GT44: 5 | GU44: 5 | GV44: 5 | GW44: 5 | GX44: 5 | GY44: 5 | GZ44: 5
A45: 2025/10/11 12:42:34 PM GMT+7 | B45: Saya bersedia menjadi responden dalam penelitian ini | C45: Sakina Kaisi | D45: Perempuan | E45: Dusun 03 Desa Sukaraja | F45: 081373993667 | G45: 19 | H45: Anak | I45: SMA/SMK | J45: Penduduk asli | K45: Wiraswasta | L45: 300.000 | M45: 200.000 | N45: Ya | O45: 2 | P45: 13 | Q45: 1.380 menit | R45: Lainnya | S45: Ya | T45: 2 | U45: 1.380 | V45: 1.380 | W45: Lainnya | X45: Tidak | AC45: Tidak | AH45: Tidak | AM45: Ya | AN45: 1.380 | AO45: 1.380 | AP45: Lainnya | AQ45: Tidak | AU45: Ya | AV45: 1.380 | AW45: 1.380 | AX45: Lainnya | AY45: Ya | AZ45: 1.380 | BA45: 1.380 | BB45: Lainnya | BC45: Ya | BD45: 1.380 | BE45: 1.380 | BF45: Lainnya | BG45: Ya | BH45: 1.380 | BI45: 1.380 | BJ45: Lainnya | BK45: Tidak | BO45: Ya | BP45: 2 | BQ45: 120 | BR45: Lainnya | BS45: Tidak | BW45: Tidak | CA45: Tidak | CE45: 7 | CF45: 7 | CG45: Croem | CH45: 7 | CI45: 7 | CJ45: 7 | CK45: Tiktok | CL45: 6 | CM45: 5 | CN45: 5 | CO45: Staff Desa | CP45: 5 | CQ45: 6 | CR45: 6 | CS45: Tidak ada | CT45: 7 | CU45: 7 | CV45: 6 | CW45: 6 | CX45: 7 | CY45: 6 | CZ45: 5 | DA45: 5 | DB45: 5 | DC45: 5 | DD45: 4 | DE45: 5 | DF45: 6 | DG45: 7 | DH45: 5 | DI45: 5 | DJ45: 6 | DK45: 5 | DL45: 5 | DM45: 5 | DN45: 5 | DO45: 4 | DP45: 2 | DQ45: 2 | DR45: 3 | DS45: 3 | DT45: 3 | DU45: 3 | DV45: 4 | DW45: 3 | DX45: 3 | DY45: Tiktok | DZ45: 3 | EA45: 3 | EB45: 4 | EC45: Tiktok | ED45: 4 | EE45: 4 | EF45: 6 | EG45: Tiktok | EH45: 5 | EI45: 5 | EJ45: 5 | EK45: Tidak ada | EL45: 5 | EM45: 5 | EN45: 5 | EO45: 5 | EP45: 5 | EQ45: 5 | ER45: 5 | ES45: 5 | ET45: 5 | EU45: 5 | EV45: 5 | EW45: 5 | EX45: 5 | EY45: 5 | EZ45: 5 | FA45: 5 | FB45: 5 | FC45: 5 | FD45: 5 | FE45: 5 | FF45: 5 | FG45: 5 | FH45: 5 | FI45: 5 | FJ45: 5 | FK45: 6 | FL45: 6 | FM45: 6 | FN45: 3 | FO45: 5 | FP45: 5 | FQ45: 5 | FR45: 5 | FS45: 5 | FT45: 6 | FU45: 3 | FV45: 4 | FW45: 5 | FX45: 5 | FY45: 5 | FZ45: 5 | GA45: 5 | GB45: 6 | GC45: 5 | GD45: 5 | GE45: 5 | GF45: 6 | GG45: 5 | GH45: 5 | GI45: 5 | GJ45: 5 | GK45: 5 | GL45: 5 | GM45: 5 | GN45: 5 | GO45: 6 | GP45: 5 | GQ45: 5 | GR45: 5 | GS45: 5 | GT45: 5 | GU45: 5 | GV45: 5 | GW45: 4 | GX45: 5 | GY45: 5 | GZ45: 5
A46: 2025/10/11 12:43:58 PM GMT+7 | B46: Saya bersedia menjadi responden dalam penelitian ini | C46: ASIS HIDAYATULA | D46: Laki-laki | E46: DESA SUKARAJA | F46: 083111480542 | G46: 17 | H46: Anak | I46: SMA/SMK | J46: Penduduk asli | K46: MASIH SEKOLAH | L46: 0 | M46: 100 | N46: Ya | O46: 1 | P46: 3 | Q46: 24 jam | R46: Kontak kerabat;Hiburan;Mencari informasi;Membeli produk;Lainnya | S46: Ya | T46: 1 | U46: 2 | V46: 15 jam | W46: Kontak kerabat;Hiburan;Mencari informasi;Lainnya | X46: Tidak | AC46: Tidak | AH46: Tidak | AM46: Ya | AN46: 3 | AO46: 5jam | AP46: Kontak kerabat;Hiburan;Mencari informasi;Lainnya | AQ46: Tidak | AU46: Ya | AV46: 5 | AW46: 5 jam | AX46: Hiburan;Mencari informasi;Membeli produk;Lainnya | AY46: Ya | AZ46: 7 | BA46: 12 jam | BB46: Kontak kerabat;Mencari informasi;Lainnya | BC46: Ya | BD46: 7 | BE46: 5 | BF46: Kontak kerabat;Hiburan;Mencari informasi;Membeli produk;Lainnya | BG46: Ya | BH46: 1 | BI46: 1 jam | BJ46: Hiburan;Mencari informasi | BK46: Tidak | BO46: Ya | BP46: 2 | BQ46: 60 | BR46: Mencari informasi;Membeli produk;Lainnya | BS46: Tidak | BW46: Tidak | CA46: Tidak | CE46: 3 | CF46: 2 | CG46: GOGGLE | CH46: 7 | CI46: 6 | CJ46: 5 | CK46: Asis | CL46: 5 | CM46: 5 | CN46: 6 | CO46: tidak ada | CP46: 7 | CQ46: 7 | CR46: 7 | CS46: tvone | CT46: 5 | CU46: 5 | CV46: 5 | CW46: 5 | CX46: 2 | CY46: 5 | CZ46: 5 | DA46: 4 | DB46: 4 | DC46: 4 | DD46: 5 | DE46: 4 | DF46: 4 | DG46: 5 | DH46: 2 | DI46: 5 | DJ46: 4 | DK46: 4 | DL46: 3 | DM46: 5 | DN46: 4 | DO46: 7 | DP46: 6 | DQ46: 6 | DR46: 6 | DS46: 5 | DT46: 5 | DU46: 6 | DV46: 6 | DW46: 4 | DX46: 6 | DY46: Browser | DZ46: 7 | EA46: 7 | EB46: 7 | EC46: Asis | ED46: 7 | EE46: 6 | EF46: 6 | EG46: 0 | EH46: 7 | EI46: 7 | EJ46: 7 | EK46: 0 | EL46: 7 | EM46: 6 | EN46: 6 | EO46: 6 | EP46: 7 | EQ46: 6 | ER46: 4 | ES46: 7 | ET46: 7 | EU46: 7 | EV46: 5 | EW46: 7 | EX46: 5 | EY46: 7 | EZ46: 6 | FA46: 7 | FB46: 7 | FC46: 6 | FD46: 5 | FE46: 6 | FF46: 7 | FG46: 6 | FH46: 5 | FI46: 6 | FJ46: 7 | FK46: 7 | FL46: 6 | FM46: 6 | FN46: 6 | FO46: 5 | FP46: 5 | FQ46: 6 | FR46: 5 | FS46: 6 | FT46: 5 | FU46: 2 | FV46: 5 | FW46: 5 | FX46: 6 | FY46: 6 | FZ46: 6 | GA46: 7 | GB46: 6 | GC46: 6 | GD46: 6 | GE46: 5 | GF46: 7 | GG46: 6 | GH46: 7 | GI46: 7 | GJ46: 7 | GK46: 7 | GL46: 6 | GM46: 6 | GN46: 5 | GO46: 7 | GP46: 6 | GQ46: 7 | GR46: 6 | GS46: 7 | GT46: 6 | GU46: 5 | GV46: 6 | GW46: 7 | GX46: 6 | GY46: 6 | GZ46: 6
A47: 2025/10/11 12:51:05 PM GMT+7 | B47: Saya bersedia menjadi responden dalam penelitian ini | C47: GINA Sonia | D47: Perempuan | E47: Dusun I Tanjung Dalam | F47: 085279889958 | G47: 22 | H47: Anak | I47: SMA/SMK | J47: Penduduk asli | K47: Tidak ada | L47: 0 | M47: 100 | N47: Ya | O47: 1 | P47: 3 | Q47: 180 | R47: Kontak kerabat;Hiburan;Mencari informasi | S47: Tidak | X47: Tidak | AC47: Tidak | AH47: Tidak | AM47: Ya | AN47: 2 | AO47: 120 | AP47: Kontak kerabat;Hiburan;Mencari informasi | AQ47: Tidak | AU47: Tidak | AY47: Ya | AZ47: 3 | BA47: 180 | BB47: Kontak kerabat;Hiburan;Mencari informasi | BC47: Ya | BD47: 3 | BE47: 180 | BF47: Kontak kerabat;Hiburan;Mencari informasi | BG47: Ya | BH47: 1 | BI47: 30 | BJ47: Kontak kerabat;Hiburan;Mencari informasi | BK47: Tidak | BO47: Tidak | BS47: Tidak | BW47: Tidak | CA47: Tidak | CE47: 5 | CF47: 5 | CG47: WhatsApp | CH47: 5 | CI47: 5 | CJ47: 5 | CK47: Tiktok | CL47: 5 | CM47: 5 | CN47: 5 | CO47: Pemuda | CP47: 5 | CQ47: 5 | CR47: 5 | CS47: YouTube | CT47: 5 | CU47: 5 | CV47: 5 | CW47: 5 | CX47: 5 | CY47: 5 | CZ47: 5 | DA47: 5 | DB47: 5 | DC47: 5 | DD47: 5 | DE47: 5 | DF47: 5 | DG47: 5 | DH47: 5 | DI47: 5 | DJ47: 5 | DK47: 5 | DL47: 5 | DM47: 5 | DN47: 5 | DO47: 5 | DP47: 5 | DQ47: 5 | DR47: 5 | DS47: 5 | DT47: 5 | DU47: 5 | DV47: 5 | DW47: 5 | DX47: 5 | DY47: Google | DZ47: 5 | EA47: 5 | EB47: 5 | EC47: Tiktok | ED47: 5 | EE47: 5 | EF47: 5 | EG47: Pemuda | EH47: 5 | EI47: 5 | EJ47: 5 | EK47: YouTube | EL47: 5 | EM47: 5 | EN47: 5 | EO47: 5 | EP47: 5 | EQ47: 5 | ER47: 5 | ES47: 5 | ET47: 5 | EU47: 5 | EV47: 5 | EW47: 5 | EX47: 5 | EY47: 5 | EZ47: 5 | FA47: 5 | FB47: 5 | FC47: 5 | FD47: 5 | FE47: 5 | FF47: 5 | FG47: 5 | FH47: 5 | FI47: 5 | FJ47: 5 | FK47: 5 | FL47: 5 | FM47: 5 | FN47: 5 | FO47: 5 | FP47: 5 | FQ47: 5 | FR47: 5 | FS47: 5 | FT47: 5 | FU47: 3 | FV47: 5 | FW47: 5 | FX47: 5 | FY47: 5 | FZ47: 5 | GA47: 5 | GB47: 5 | GC47: 5 | GD47: 5 | GE47: 5 | GF47: 5 | GG47: 5 | GH47: 5 | GI47: 5 | GJ47: 5 | GK47: 5 | GL47: 5 | GM47: 5 | GN47: 5 | GO47: 5 | GP47: 5 | GQ47: 5 | GR47: 5 | GS47: 5 | GT47: 5 | GU47: 5 | GV47: 5 | GW47: 5 | GX47: 5 | GY47: 5 | GZ47: 5
A48: 2025/10/11 12:51:19 PM GMT+7 | B48: Saya bersedia menjadi responden dalam penelitian ini | C48: Gita parera | D48: Perempuan | E48: Desa Sukaraja | F48: 085378548165 | G48: 19 | H48: Anak | I48: SMP | J48: Penduduk asli | K48: Tidak bekerja | L48: 0 | M48: 50 | N48: Ya | O48: 1 | P48: 3 | Q48: 50 | R48: Kontak kerabat;Mencari informasi | S48: Tidak | X48: Tidak | AC48: Tidak | AH48: Tidak | AM48: Tidak | AQ48: Tidak | AU48: Tidak | AY48: Ya | AZ48: 5 | BA48: 40 | BB48: Kontak kerabat;Mencari informasi | BC48: Ya | BD48: 6 | BE48: 40 | BF48: Hiburan;Mencari informasi | BG48: Ya | BH48: 7 | BI48: 20 | BJ48: Kontak kerabat;Hiburan;Mencari informasi | BK48: Tidak | BO48: Tidak | BS48: Tidak | BW48: Tidak | CA48: Tidak | CE48: 1 | CF48: 2 | CG48: Tidak tau | CH48: 3 | CI48: 1 | CJ48: 1 | CK48: Tiktok | CL48: 4 | CM48: 2 | CN48: 1 | CO48: Voli | CP48: 2 | CQ48: 2 | CR48: 1 | CS48: Pemain voli | CT48: 1 | CU48: 1 | CV48: 1 | CW48: 1 | CX48: 5 | CY48: 4 | CZ48: 5 | DA48: 4 | DB48: 5 | DC48: 6 | DD48: 5 | DE48: 6 | DF48: 5 | DG48: 5 | DH48: 4 | DI48: 4 | DJ48: 4 | DK48: 5 | DL48: 4 | DM48: 5 | DN48: 5 | DO48: 4 | DP48: 5 | DQ48: 5 | DR48: 6 | DS48: 6 | DT48: 6 | DU48: 6 | DV48: 2 | DW48: 6 | DX48: 3 | DY48: Google | DZ48: 5 | EA48: 5 | EB48: 4 | EC48: Tiktok | ED48: 5 | EE48: 5 | EF48: 5 | EG48: Google | EH48: 5 | EI48: 4 | EJ48: 4 | EK48: Google | EL48: 5 | EM48: 6 | EN48: 6 | EO48: 6 | EP48: 5 | EQ48: 4 | ER48: 6 | ES48: 4 | ET48: 4 | EU48: 6 | EV48: 5 | EW48: 4 | EX48: 5 | EY48: 5 | EZ48: 5 | FA48: 6 | FB48: 6 | FC48: 4 | FD48: 5 | FE48: 4 | FF48: 4 | FG48: 3 | FH48: 5 | FI48: 5 | FJ48: 3 | FK48: 4 | FL48: 4 | FM48: 5 | FN48: 5 | FO48: 5 | FP48: 6 | FQ48: 6 | FR48: 5 | FS48: 6 | FT48: 6 | FU48: 3 | FV48: 5 | FW48: 5 | FX48: 5 | FY48: 5 | FZ48: 6 | GA48: 4 | GB48: 5 | GC48: 6 | GD48: 6 | GE48: 5 | GF48: 6 | GG48: 6 | GH48: 5 | GI48: 5 | GJ48: 5 | GK48: 5 | GL48: 4 | GM48: 5 | GN48: 4 | GO48: 6 | GP48: 6 | GQ48: 7 | GR48: 5 | GS48: 5 | GT48: 6 | GU48: 6 | GV48: 4 | GW48: 5 | GX48: 6 | GY48: 5 | GZ48: 5
A49: 2025/10/11 12:56:21 PM GMT+7 | B49: Saya bersedia menjadi responden dalam penelitian ini | C49: Bagus Ariyanto | D49: Laki-laki | E49: Dusun 2 desa bumi ayu | F49: 081368164817 | G49: 26 | H49: KK | I49: SMA/SMK | J49: Pendatang | K49: Perangkat desa | L49: 2000000 | M49: 100000 | N49: Ya | O49: 1 | P49: 2 | Q49: 1 jam | R49: Mencari informasi;Lainnya | S49: Ya | T49: 1 | U49: 2 | V49: 2 jam | W49: Mencari informasi;Lainnya | X49: Tidak | AC49: Tidak | AH49: Tidak | AM49: Ya | AN49: 1 | AO49: 1jam | AP49: Hiburan;Mencari informasi;Lainnya | AQ49: Tidak | AU49: Ya | AV49: 3 | AW49: 4jam | AX49: Hiburan;Mencari informasi;Lainnya | AY49: Ya | AZ49: 5 | BA49: 1jam | BB49: Kontak kerabat;Mencari informasi;Lainnya | BC49: Tidak | BG49: Tidak | BK49: Tidak | BO49: Ya | BP49: 1 | BQ49: 1jam | BR49: Membeli produk | BS49: Tidak | BW49: Tidak | CA49: Tidak | CE49: 5 | CF49: 5 | CG49: Paliterkini | CH49: 6 | CI49: 5 | CJ49: 4 | CK49: @beritasatu | CL49: 4 | CM49: 4 | CN49: 4 | CO49: KEMENDDES PDT | CP49: 3 | CQ49: 3 | CR49: 3 | CS49: Berita pali | CT49: 5 | CU49: 5 | CV49: 5 | CW49: 5 | CX49: 5 | CY49: 5 | CZ49: 5 | DA49: 5 | DB49: 5 | DC49: 5 | DD49: 5 | DE49: 5 | DF49: 5 | DG49: 5 | DH49: 5 | DI49: 5 | DJ49: 5 | DK49: 5 | DL49: 5 | DM49: 5 | DN49: 5 | DO49: 5 | DP49: 5 | DQ49: 5 | DR49: 5 | DS49: 5 | DT49: 5 | DU49: 5 | DV49: 5 | DW49: 5 | DX49: 5 | DY49: @Beritasatu | DZ49: 5 | EA49: 5 | EB49: 5 | EC49: @beritasatu | ED49: 5 | EE49: 5 | EF49: 5 | EG49: Kemendes pdt | EH49: 4 | EI49: 4 | EJ49: 4 | EK49: Berita pali | EL49: 4 | EM49: 4 | EN49: 4 | EO49: 4 | EP49: 4 | EQ49: 4 | ER49: 4 | ES49: 4 | ET49: 4 | EU49: 4 | EV49: 4 | EW49: 4 | EX49: 4 | EY49: 4 | EZ49: 4 | FA49: 4 | FB49: 4 | FC49: 4 | FD49: 4 | FE49: 4 | FF49: 4 | FG49: 4 | FH49: 4 | FI49: 4 | FJ49: 4 | FK49: 5 | FL49: 5 | FM49: 5 | FN49: 5 | FO49: 5 | FP49: 5 | FQ49: 5 | FR49: 6 | FS49: 6 | FT49: 6 | FU49: 2 | FV49: 4 | FW49: 5 | FX49: 5 | FY49: 5 | FZ49: 5 | GA49: 6 | GB49: 4 | GC49: 4 | GD49: 4 | GE49: 3 | GF49: 5 | GG49: 4 | GH49: 3 | GI49: 3 | GJ49: 7 | GK49: 6 | GL49: 6 | GM49: 6 | GN49: 6 | GO49: 6 | GP49: 6 | GQ49: 6 | GR49: 7 | GS49: 7 | GT49: 7 | GU49: 7 | GV49: 7 | GW49: 6 | GX49: 6 | GY49: 6 | GZ49: 6
A50: 2025/10/11 12:56:35 PM GMT+7 | B50: Saya bersedia menjadi responden dalam penelitian ini | C50: Bagus Ariyanto | D50: Laki-laki | E50: Dusun 2 desa bumi ayu | F50: 081368164817 | G50: 26 | H50: KK | I50: SMA/SMK | J50: Pendatang | K50: Perangkat desa | L50: 2000000 | M50: 100000 | N50: Ya | O50: 1 | P50: 2 | Q50: 1 jam | R50: Mencari informasi;Lainnya | S50: Ya | T50: 1 | U50: 2 | V50: 2 jam | W50: Mencari informasi;Lainnya | X50: Tidak | AC50: Tidak | AH50: Tidak | AM50: Ya | AN50: 1 | AO50: 1jam | AP50: Hiburan;Mencari informasi;Lainnya | AQ50: Tidak | AU50: Ya | AV50: 3 | AW50: 4jam | AX50: Hiburan;Mencari informasi;Lainnya | AY50: Ya | AZ50: 5 | BA50: 1jam | BB50: Kontak kerabat;Mencari informasi;Lainnya | BC50: Tidak | BG50: Tidak | BK50: Tidak | BO50: Ya | BP50: 1 | BQ50: 1jam | BR50: Membeli produk | BS50: Tidak | BW50: Tidak | CA50: Tidak | CE50: 5 | CF50: 5 | CG50: Paliterkini | CH50: 6 | CI50: 5 | CJ50: 4 | CK50: @beritasatu | CL50: 4 | CM50: 4 | CN50: 4 | CO50: KEMENDDES PDT | CP50: 3 | CQ50: 3 | CR50: 3 | CS50: Berita pali | CT50: 5 | CU50: 5 | CV50: 5 | CW50: 5 | CX50: 5 | CY50: 5 | CZ50: 5 | DA50: 5 | DB50: 5 | DC50: 5 | DD50: 5 | DE50: 5 | DF50: 5 | DG50: 5 | DH50: 5 | DI50: 5 | DJ50: 5 | DK50: 5 | DL50: 5 | DM50: 5 | DN50: 5 | DO50: 5 | DP50: 5 | DQ50: 5 | DR50: 5 | DS50: 5 | DT50: 5 | DU50: 5 | DV50: 5 | DW50: 5 | DX50: 5 | DY50: @Beritasatu | DZ50: 5 | EA50: 5 | EB50: 5 | EC50: @beritasatu | ED50: 5 | EE50: 5 | EF50: 5 | EG50: Kemendes pdt | EH50: 4 | EI50: 4 | EJ50: 4 | EK50: Berita pali | EL50: 4 | EM50: 4 | EN50: 4 | EO50: 4 | EP50: 4 | EQ50: 4 | ER50: 4 | ES50: 4 | ET50: 4 | EU50: 4 | EV50: 4 | EW50: 4 | EX50: 4 | EY50: 4 | EZ50: 4 | FA50: 4 | FB50: 4 | FC50: 4 | FD50: 4 | FE50: 4 | FF50: 4 | FG50: 4 | FH50: 4 | FI50: 4 | FJ50: 4 | FK50: 5 | FL50: 5 | FM50: 5 | FN50: 5 | FO50: 5 | FP50: 5 | FQ50: 5 | FR50: 6 | FS50: 6 | FT50: 6 | FU50: 2 | FV50: 4 | FW50: 5 | FX50: 5 | FY50: 5 | FZ50: 5 | GA50: 6 | GB50: 4 | GC50: 4 | GD50: 4 | GE50: 3 | GF50: 5 | GG50: 4 | GH50: 3 | GI50: 3 | GJ50: 7 | GK50: 6 | GL50: 6 | GM50: 6 | GN50: 6 | GO50: 6 | GP50: 6 | GQ50: 6 | GR50: 7 | GS50: 7 | GT50: 7 | GU50: 7 | GV50: 7 | GW50: 6 | GX50: 6 | GY50: 6 | GZ50: 6
A51: 2025/10/11 12:58:17 PM GMT+7 | B51: Saya bersedia menjadi responden dalam penelitian ini | C51: Mela anjani | D51: Perempuan | E51: Desa sukaraja | F51: 083852936885 | G51: 18 | H51: Anak | I51: SMA/SMK | J51: Penduduk asli | K51: Belum bekerja | L51: 0 | M51: 0 | N51: Ya | O51: 1 | P51: 3 | Q51: Perjam | R51: Mencari informasi | S51: Ya | T51: 1 | U51: 3 | V51: Perjam | W51: Mencari informasi | X51: Tidak | AC51: Tidak | AH51: Tidak | AM51: Ya | AN51: 2 | AO51: 20 menit | AP51: Hiburan | AQ51: Tidak | AU51: Ya | AV51: 2 | AW51: 10 menit | AX51: Hiburan | AY51: Ya | AZ51: 3 | BA51: Perjam | BB51: Hiburan | BC51: Ya | BD51: 2 | BE51: 30 | BF51: Hiburan | BG51: Ya | BH51: 1 | BI51: 10 menit | BJ51: Hiburan | BK51: Tidak | BO51: Ya | BP51: 1 | BQ51: 1 | BR51: Membeli produk | BS51: Tidak | BW51: Tidak | CA51: Tidak | CE51: 2 | CF51: 4 | CG51: Tidak ada | CH51: 5 | CI51: 5 | CJ51: 2 | CK51: Tidak ada | CL51: 3 | CM51: 2 | CN51: 5 | CO51: Tidak ada | CP51: 7 | CQ51: 7 | CR51: 2 | CS51: Tdk ada | CT51: 5 | CU51: 6 | CV51: 6 | CW51: 3 | CX51: 2 | CY51: 2 | CZ51: 2 | DA51: 5 | DB51: 5 | DC51: 6 | DD51: 6 | DE51: 3 | DF51: 3 | DG51: 5 | DH51: 3 | DI51: 3 | DJ51: 4 | DK51: 2 | DL51: 4 | DM51: 4 | DN51: 4 | DO51: 3 | DP51: 3 | DQ51: 5 | DR51: 5 | DS51: 2 | DT51: 2 | DU51: 5 | DV51: 2 | DW51: 2 | DX51: 5 | DY51: Tidak ada | DZ51: 2 | EA51: 2 | EB51: 7 | EC51: Tdk ada | ED51: 2 | EE51: 3 | EF51: 3 | EG51: Tidk ad | EH51: 2 | EI51: 5 | EJ51: 5 | EK51: Tidk ada | EL51: 3 | EM51: 4 | EN51: 2 | EO51: 3 | EP51: 5 | EQ51: 2 | ER51: 2 | ES51: 4 | ET51: 3 | EU51: 4 | EV51: 5 | EW51: 2 | EX51: 5 | EY51: 4 | EZ51: 3 | FA51: 4 | FB51: 7 | FC51: 6 | FD51: 5 | FE51: 6 | FF51: 5 | FG51: 6 | FH51: 5 | FI51: 3 | FJ51: 6 | FK51: 4 | FL51: 3 | FM51: 1 | FN51: 2 | FO51: 6 | FP51: 5 | FQ51: 5 | FR51: 6 | FS51: 4 | FT51: 3 | FU51: 5 | FV51: 3 | FW51: 3 | FX51: 4 | FY51: 3 | FZ51: 4 | GA51: 5 | GB51: 6 | GC51: 4 | GD51: 4 | GE51: 3 | GF51: 2 | GG51: 4 | GH51: 6 | GI51: 5 | GJ51: 4 | GK51: 3 | GL51: 3 | GM51: 4 | GN51: 3 | GO51: 3 | GP51: 3 | GQ51: 3 | GR51: 3 | GS51: 4 | GT51: 4 | GU51: 4 | GV51: 4 | GW51: 5 | GX51: 3 | GY51: 5 | GZ51: 6
A52: 2025/10/11 12:59:18 PM GMT+7 | B52: Saya bersedia menjadi responden dalam penelitian ini | C52: Renita | D52: Perempuan | E52: Desa sedupi | F52: 085369768980 | G52: 17 | H52: Anak | I52: SMP | J52: Penduduk asli | K52: Tidak bekerja | L52: 0 | M52: 100 | N52: Ya | O52: 1 | P52: 4 | Q52: 40 | R52: Kontak kerabat;Hiburan;Mencari informasi;Lainnya | S52: Tidak | X52: Tidak | AC52: Tidak | AH52: Tidak | AM52: Ya | AN52: 3 | AO52: 15 | AP52: Kontak kerabat;Hiburan;Mencari informasi;Lainnya | AQ52: Tidak | AU52: Ya | AV52: 3 | AW52: 15 | AX52: Hiburan;Mencari informasi;Lainnya | AY52: Ya | AZ52: 4 | BA52: 40 | BB52: Kontak kerabat;Hiburan;Mencari informasi;Lainnya | BC52: Ya | BD52: 3 | BE52: 30 | BF52: Hiburan;Mencari informasi;Lainnya | BG52: Ya | BH52: 1 | BI52: 10 | BJ52: Hiburan;Mencari informasi;Lainnya | BK52: Tidak | BO52: Tidak | BS52: Tidak | BW52: Tidak | CA52: Tidak | CE52: 5 | CF52: 4 | CG52: Tiktok | CH52: 5 | CI52: 5 | CJ52: 1 | CK52: Facebook tiktok | CL52: 7 | CM52: 6 | CN52: 5 | CO52: Kls | CP52: 2 | CQ52: 1 | CR52: 1 | CS52: Youtube | CT52: 6 | CU52: 7 | CV52: 6 | CW52: 5 | CX52: 4 | CY52: 6 | CZ52: 4 | DA52: 7 | DB52: 6 | DC52: 5 | DD52: 4 | DE52: 7 | DF52: 6 | DG52: 7 | DH52: 7 | DI52: 7 | DJ52: 5 | DK52: 4 | DL52: 5 | DM52: 4 | DN52: 7 | DO52: 4 | DP52: 2 | DQ52: 4 | DR52: 4 | DS52: 3 | DT52: 2 | DU52: 2 | DV52: 7 | DW52: 7 | DX52: 5 | DY52: Facebook tik tok | DZ52: 7 | EA52: 7 | EB52: 4 | EC52: Tiktok | ED52: 7 | EE52: 7 | EF52: 7 | EG52: Facebook | EH52: 7 | EI52: 7 | EJ52: 7 | EK52: Tik tok | EL52: 7 | EM52: 7 | EN52: 7 | EO52: 7 | EP52: 7 | EQ52: 7 | ER52: 7 | ES52: 7 | ET52: 7 | EU52: 7 | EV52: 1 | EW52: 1 | EX52: 1 | EY52: 1 | EZ52: 1 | FA52: 1 | FB52: 1 | FC52: 1 | FD52: 1 | FE52: 1 | FF52: 1 | FG52: 1 | FH52: 5 | FI52: 7 | FJ52: 7 | FK52: 6 | FL52: 6 | FM52: 1 | FN52: 5 | FO52: 1 | FP52: 7 | FQ52: 7 | FR52: 7 | FS52: 1 | FT52: 1 | FU52: 7 | FV52: 1 | FW52: 2 | FX52: 7 | FY52: 3 | FZ52: 7 | GA52: 1 | GB52: 1 | GC52: 4 | GD52: 2 | GE52: 1 | GF52: 7 | GG52: 1 | GH52: 2 | GI52: 1 | GJ52: 7 | GK52: 7 | GL52: 3 | GM52: 3 | GN52: 3 | GO52: 4 | GP52: 7 | GQ52: 1 | GR52: 7 | GS52: 5 | GT52: 7 | GU52: 7 | GV52: 7 | GW52: 3 | GX52: 4 | GY52: 4 | GZ52: 5
A53: 2025/10/11 1:03:30 PM GMT+7 | B53: Saya bersedia menjadi responden dalam penelitian ini | C53: Lusiana | D53: Perempuan | E53: Dsn 2 desa Tanjung dalam | F53: 081274769427 | G53: 30 | H53: KK | I53: SMA/SMK | J53: Penduduk asli | K53: Buruh tani | L53: 700 | M53: 100 | N53: Ya | O53: 1 | P53: 3 | Q53: 20 | R53: Kontak kerabat;Hiburan;Mencari informasi;Membeli produk | S53: Tidak | X53: Tidak | AC53: Tidak | AH53: Tidak | AM53: Ya | AN53: 5 | AO53: 30 | AP53: Kontak kerabat;Hiburan;Mencari informasi | AQ53: Tidak | AU53: Tidak | AY53: Ya | AZ53: 20 | BA53: 20 | BB53: Kontak kerabat;Mencari informasi;Membeli produk | BC53: Ya | BD53: 10 | BE53: 30 | BF53: Kontak kerabat;Hiburan;Mencari informasi;Membeli produk | BG53: Tidak | BK53: Tidak | BO53: Tidak | BS53: Tidak | BW53: Tidak | CA53: Ya | CB53: 1 | CC53: 3 | CD53: Membeli produk | CE53: 7 | CF53: 7 | CG53: YouTube | CH53: 7 | CI53: 7 | CJ53: 7 | CK53: Tiktok / Facebook | CL53: 7 | CM53: 7 | CN53: 7 | CO53: Kabar | CP53: 7 | CQ53: 7 | CR53: 7 | CS53: Seluruh informasi | CT53: 7 | CU53: 7 | CV53: 7 | CW53: 7 | CX53: 7 | CY53: 7 | CZ53: 7 | DA53: 7 | DB53: 7 | DC53: 7 | DD53: 7 | DE53: 7 | DF53: 7 | DG53: 7 | DH53: 7 | DI53: 7 | DJ53: 7 | DK53: 7 | DL53: 7 | DM53: 7 | DN53: 7 | DO53: 7 | DP53: 7 | DQ53: 7 | DR53: 7 | DS53: 7 | DT53: 7 | DU53: 7 | DV53: 7 | DW53: 7 | DX53: 7 | DY53: YouTube | DZ53: 7 | EA53: 7 | EB53: 7 | EC53: Facebook | ED53: 7 | EE53: 7 | EF53: 7 | EG53: Grub desa | EH53: 7 | EI53: 7 | EJ53: 5 | EK53: Berkah | EL53: 5 | EM53: 5 | EN53: 5 | EO53: 5 | EP53: 6 | EQ53: 6 | ER53: 5 | ES53: 5 | ET53: 5 | EU53: 5 | EV53: 4 | EW53: 5 | EX53: 4 | EY53: 5 | EZ53: 5 | FA53: 5 | FB53: 5 | FC53: 5 | FD53: 5 | FE53: 5 | FF53: 5 | FG53: 5 | FH53: 5 | FI53: 5 | FJ53: 5 | FK53: 5 | FL53: 5 | FM53: 5 | FN53: 5 | FO53: 5 | FP53: 5 | FQ53: 5 | FR53: 5 | FS53: 5 | FT53: 5 | FU53: 1 | FV53: 7 | FW53: 7 | FX53: 7 | FY53: 5 | FZ53: 7 | GA53: 7 | GB53: 7 | GC53: 6 | GD53: 7 | GE53: 6 | GF53: 6 | GG53: 3 | GH53: 6 | GI53: 6 | GJ53: 6 | GK53: 7 | GL53: 7 | GM53: 7 | GN53: 7 | GO53: 7 | GP53: 7 | GQ53: 7 | GR53: 7 | GS53: 7 | GT53: 7 | GU53: 7 | GV53: 7 | GW53: 7 | GX53: 7 | GY53: 7 | GZ53: 7
A54: 2025/10/11 1:04:37 PM GMT+7 | B54: Saya bersedia menjadi responden dalam penelitian ini | C54: Fira olipia | D54: Perempuan | E54: Sukarja | F54: 081368752073 | G54: 16 | H54: Anak | I54: SMA/SMK | J54: Penduduk asli | K54: Tidak ada | L54: 0 | M54: 0 | N54: Ya | O54: 1 | P54: 3 | Q54: 3 | R54: Hiburan | S54: Tidak | X54: Tidak | AC54: Tidak | AH54: Tidak | AM54: Ya | AN54: 2 | AO54: 2 | AP54: Hiburan | AQ54: Tidak | AU54: Ya | AV54: 1 | AW54: 2 jam | AX54: Hiburan | AY54: Ya | AZ54: 3 | BA54: 3 | BB54: Hiburan | BC54: Ya | BD54: 2 | BE54: 2 jam | BF54: Hiburan | BG54: Tidak | BK54: Tidak | BO54: Tidak | BS54: Tidak | BW54: Tidak | CA54: Tidak | CE54: 7 | CF54: 7 | CG54: Tidak ada | CH54: 7 | CI54: 7 | CJ54: 7 | CK54: Vira | CL54: 7 | CM54: 7 | CN54: 7 | CO54: Ciwi' cantik | CP54: 1 | CQ54: 1 | CR54: 1 | CS54: Tidak ada | CT54: 7 | CU54: 7 | CV54: 7 | CW54: 7 | CX54: 7 | CY54: 7 | CZ54: 7 | DA54: 7 | DB54: 7 | DC54: 7 | DD54: 7 | DE54: 7 | DF54: 7 | DG54: 7 | DH54: 7 | DI54: 7 | DJ54: 7 | DK54: 7 | DL54: 7 | DM54: 7 | DN54: 7 | DO54: 3 | DP54: 1 | DQ54: 1 | DR54: 1 | DS54: 1 | DT54: 1 | DU54: 1 | DV54: 7 | DW54: 7 | DX54: 4 | DY54: Tidak ada | DZ54: 7 | EA54: 7 | EB54: 7 | EC54: Itz fira | ED54: 7 | EE54: 7 | EF54: 7 | EG54: Ciwi cantik | EH54: 7 | EI54: 7 | EJ54: 7 | EK54: Tidak ada | EL54: 7 | EM54: 7 | EN54: 7 | EO54: 7 | EP54: 7 | EQ54: 7 | ER54: 7 | ES54: 7 | ET54: 7 | EU54: 7 | EV54: 1 | EW54: 7 | EX54: 7 | EY54: 7 | EZ54: 7 | FA54: 7 | FB54: 7 | FC54: 7 | FD54: 7 | FE54: 7 | FF54: 7 | FG54: 7 | FH54: 7 | FI54: 7 | FJ54: 7 | FK54: 7 | FL54: 7 | FM54: 7 | FN54: 7 | FO54: 7 | FP54: 7 | FQ54: 7 | FR54: 7 | FS54: 7 | FT54: 7 | FU54: 1 | FV54: 7 | FW54: 7 | FX54: 7 | FY54: 7 | FZ54: 7 | GA54: 7 | GB54: 7 | GC54: 7 | GD54: 7 | GE54: 7 | GF54: 7 | GG54: 7 | GH54: 7 | GI54: 7 | GJ54: 7 | GK54: 7 | GL54: 7 | GM54: 7 | GN54: 7 | GO54: 7 | GP54: 7 | GQ54: 7 | GR54: 7 | GS54: 7 | GT54: 7 | GU54: 7 | GV54: 7 | GW54: 7 | GX54: 7 | GY54: 7 | GZ54: 7
A55: 2025/10/11 1:06:48 PM GMT+7 | B55: Saya bersedia menjadi responden dalam penelitian ini | C55: septariadi | D55: Laki-laki | E55: desa bumi ayu | F55: 085788370142 | G55: 28 | H55: KK | I55: SMA/SMK | J55: Pendatang | K55: petani | L55: 1500000 | M55: 200000 | N55: Ya | O55: 1 | P55: 5 | Q55: 5 | R55: Lainnya | S55: Ya | T55: 1 | U55: 5 | V55: 5 | W55: Mencari informasi | X55: Tidak | AC55: Tidak | AH55: Tidak | AM55: Ya | AN55: 3 | AO55: 5 | AP55: Mencari informasi | AQ55: Tidak | AU55: Tidak | AY55: Ya | AZ55: 5 | BA55: 19 | BB55: Lainnya | BC55: Tidak | BG55: Tidak | BK55: Tidak | BO55: Tidak | BS55: Tidak | BW55: Tidak | CA55: Tidak | CE55: 7 | CF55: 7 | CG55: facebook | CH55: 7 | CI55: 7 | CJ55: 7 | CK55: facebook | CL55: 7 | CM55: 7 | CN55: 7 | CO55: whatsapp | CP55: 7 | CQ55: 7 | CR55: 7 | CS55: ya | CT55: 7 | CU55: 7 | CV55: 7 | CW55: 7 | CX55: 7 | CY55: 1 | CZ55: 7 | DA55: 7 | DB55: 7 | DC55: 7 | DD55: 7 | DE55: 7 | DF55: 7 | DG55: 7 | DH55: 7 | DI55: 7 | DJ55: 7 | DK55: 7 | DL55: 7 | DM55: 7 | DN55: 7 | DO55: 7 | DP55: 7 | DQ55: 7 | DR55: 7 | DS55: 7 | DT55: 7 | DU55: 7 | DV55: 7 | DW55: 7 | DX55: 7 | DY55: facebook | DZ55: 7 | EA55: 7 | EB55: 7 | EC55: facebook | ED55: 7 | EE55: 7 | EF55: 7 | EG55: whatsapp | EH55: 7 | EI55: 7 | EJ55: 7 | EK55: berita | EL55: 7 | EM55: 7 | EN55: 7 | EO55: 7 | EP55: 7 | EQ55: 7 | ER55: 7 | ES55: 7 | ET55: 7 | EU55: 7 | EV55: 7 | EW55: 7 | EX55: 7 | EY55: 7 | EZ55: 7 | FA55: 7 | FB55: 7 | FC55: 7 | FD55: 7 | FE55: 7 | FF55: 7 | FG55: 7 | FH55: 7 | FI55: 7 | FJ55: 7 | FK55: 7 | FL55: 7 | FM55: 7 | FN55: 7 | FO55: 7 | FP55: 7 | FQ55: 7 | FR55: 7 | FS55: 7 | FT55: 7 | FU55: 1 | FV55: 7 | FW55: 7 | FX55: 7 | FY55: 7 | FZ55: 7 | GA55: 7 | GB55: 7 | GC55: 7 | GD55: 7 | GE55: 7 | GF55: 7 | GG55: 7 | GH55: 7 | GI55: 7 | GJ55: 7 | GK55: 7 | GL55: 7 | GM55: 7 | GN55: 7 | GO55: 7 | GP55: 7 | GQ55: 7 | GR55: 7 | GS55: 7 | GT55: 7 | GU55: 7 | GV55: 7 | GW55: 7 | GX55: 7 | GY55: 7 | GZ55: 7
A56: 2025/10/11 1:07:03 PM GMT+7 | B56: Saya bersedia menjadi responden dalam penelitian ini | C56: Ikral Dani | D56: Laki-laki | E56: Dusun 01 Desa Sukaraja Kecamatan Tanah Abang | F56: 085357889130 | G56: 30 | H56: Anak | I56: SMA/SMK | J56: Penduduk asli | K56: Perangkat Desa | L56: 2950000 | M56: 250000 | N56: Ya | O56: 2 | P56: 12 | Q56: 720 | R56: Kontak kerabat;Hiburan;Mencari informasi;Membeli produk;Lainnya | S56: Tidak | X56: Tidak | AC56: Tidak | AH56: Ya | AI56: 1 | AJ56: 2 | AK56: 120 | AL56: Mencari informasi;Lainnya | AM56: Ya | AN56: 4 | AO56: 60 | AP56: Kontak kerabat;Hiburan;Mencari informasi;Lainnya | AQ56: Tidak | AU56: Ya | AV56: 4 | AW56: 60 | AX56: Kontak kerabat;Hiburan;Mencari informasi;Lainnya | AY56: Ya | AZ56: 12 | BA56: 720 | BB56: Kontak kerabat;Mencari informasi;Lainnya | BC56: Tidak | BG56: Tidak | BK56: Tidak | BO56: Ya | BP56: 1 | BQ56: 20 | BR56: Mencari informasi;Membeli produk;Lainnya | BS56: Tidak | BW56: Tidak | CA56: Tidak | CE56: 7 | CF56: 5 | CG56: Google chrome | CH56: 7 | CI56: 6 | CJ56: 6 | CK56: Ikral Dani | CL56: 7 | CM56: 6 | CN56: 4 | CO56: Aparatur pemerintah Desa Sukaraja | CP56: 7 | CQ56: 6 | CR56: 5 | CS56: Tidak | CT56: 3 | CU56: 4 | CV56: 5 | CW56: 5 | CX56: 2 | CY56: 2 | CZ56: 4 | DA56: 6 | DB56: 5 | DC56: 6 | DD56: 4 | DE56: 1 | DF56: 2 | DG56: 7 | DH56: 5 | DI56: 7 | DJ56: 6 | DK56: 5 | DL56: 6 | DM56: 7 | DN56: 7 | DO56: 6 | DP56: 7 | DQ56: 6 | DR56: 6 | DS56: 6 | DT56: 6 | DU56: 6 | DV56: 6 | DW56: 7 | DX56: 5 | DY56: Google chrome | DZ56: 6 | EA56: 6 | EB56: 6 | EC56: Ikal Dani | ED56: 7 | EE56: 7 | EF56: 6 | EG56: Aparatur pemerintah Desa | EH56: 6 | EI56: 6 | EJ56: 6 | EK56: Ikal dani | EL56: 5 | EM56: 5 | EN56: 5 | EO56: 5 | EP56: 5 | EQ56: 5 | ER56: 5 | ES56: 6 | ET56: 5 | EU56: 5 | EV56: 5 | EW56: 5 | EX56: 5 | EY56: 5 | EZ56: 5 | FA56: 5 | FB56: 5 | FC56: 5 | FD56: 5 | FE56: 5 | FF56: 5 | FG56: 5 | FH56: 5 | FI56: 5 | FJ56: 7 | FK56: 7 | FL56: 7 | FM56: 7 | FN56: 7 | FO56: 7 | FP56: 7 | FQ56: 7 | FR56: 7 | FS56: 7 | FT56: 7 | FU56: 1 | FV56: 7 | FW56: 7 | FX56: 7 | FY56: 7 | FZ56: 7 | GA56: 7 | GB56: 7 | GC56: 7 | GD56: 7 | GE56: 7 | GF56: 7 | GG56: 7 | GH56: 7 | GI56: 7 | GJ56: 7 | GK56: 7 | GL56: 7 | GM56: 7 | GN56: 7 | GO56: 7 | GP56: 7 | GQ56: 7 | GR56: 7 | GS56: 7 | GT56: 7 | GU56: 7 | GV56: 7 | GW56: 7 | GX56: 7 | GY56: 7 | GZ56: 7
A57: 2025/10/11 1:09:29 PM GMT+7 | B57: Saya bersedia menjadi responden dalam penelitian ini | C57: Mela | D57: Perempuan | E57: Sukaraja | F57: 083852936885 | G57: 18 | H57: Anak | I57: SMA/SMK | J57: Penduduk asli | K57: Blm bkerja | L57: 0 | M57: 0 | N57: Ya | O57: 1 | P57: 2 | Q57: Perjam | R57: Mencari informasi | S57: Ya | T57: 1 | U57: 2 | V57: Perjam | W57: Mencari informasi | X57: Tidak | AC57: Tidak | AH57: Tidak | AM57: Tidak | AQ57: Tidak | AU57: Ya | AV57: 1 | AW57: 1 | AX57: Hiburan | AY57: Ya | AZ57: 2 | BA57: Perjam | BB57: Mencari informasi | BC57: Ya | BD57: 2 | BE57: Perjan | BF57: Hiburan | BG57: Ya | BH57: 1 | BI57: 10 menit | BJ57: Mencari informasi | BK57: Tidak | BO57: Ya | BP57: 2 | BQ57: 10 menit | BR57: Membeli produk | BS57: Tidak | BW57: Tidak | CA57: Tidak | CE57: 4 | CF57: 3 | CG57: Tdk ada | CH57: 4 | CI57: 3 | CJ57: 3 | CK57: Tdk ada | CL57: 4 | CM57: 3 | CN57: 6 | CO57: Tdk ada | CP57: 5 | CQ57: 4 | CR57: 3 | CS57: Tdk ada | CT57: 3 | CU57: 3 | CV57: 3 | CW57: 3 | CX57: 3 | CY57: 3 | CZ57: 3 | DA57: 3 | DB57: 3 | DC57: 5 | DD57: 4 | DE57: 3 | DF57: 4 | DG57: 4 | DH57: 2 | DI57: 2 | DJ57: 4 | DK57: 4 | DL57: 3 | DM57: 3 | DN57: 2 | DO57: 2 | DP57: 2 | DQ57: 3 | DR57: 3 | DS57: 5 | DT57: 5 | DU57: 4 | DV57: 4 | DW57: 4 | DX57: 6 | DY57: Tdk ada | DZ57: 3 | EA57: 6 | EB57: 3 | EC57: Tdk ada | ED57: 5 | EE57: 6 | EF57: 5 | EG57: Tdk ada | EH57: 3 | EI57: 3 | EJ57: 3 | EK57: Tdk ada | EL57: 3 | EM57: 3 | EN57: 2 | EO57: 4 | EP57: 2 | EQ57: 3 | ER57: 2 | ES57: 3 | ET57: 3 | EU57: 3 | EV57: 4 | EW57: 2 | EX57: 4 | EY57: 6 | EZ57: 6 | FA57: 6 | FB57: 1 | FC57: 6 | FD57: 6 | FE57: 6 | FF57: 5 | FG57: 4 | FH57: 6 | FI57: 5 | FJ57: 3 | FK57: 5 | FL57: 3 | FM57: 4 | FN57: 3 | FO57: 3 | FP57: 5 | FQ57: 4 | FR57: 3 | FS57: 3 | FT57: 4 | FU57: 5 | FV57: 6 | FW57: 2 | FX57: 5 | FY57: 3 | FZ57: 5 | GA57: 4 | GB57: 3 | GC57: 4 | GD57: 2 | GE57: 2 | GF57: 6 | GG57: 4 | GH57: 2 | GI57: 1 | GJ57: 2 | GK57: 4 | GL57: 6 | GM57: 6 | GN57: 3 | GO57: 2 | GP57: 4 | GQ57: 4 | GR57: 4 | GS57: 3 | GT57: 4 | GU57: 4 | GV57: 4 | GW57: 3 | GX57: 4 | GY57: 4 | GZ57: 3
A58: 2025/10/11 1:18:42 PM GMT+7 | B58: Saya bersedia menjadi responden dalam penelitian ini | C58: Resta Illahi Lestari | D58: Perempuan | E58: Dusun 1 Desa Bumi Ayu, Kec. Tanah Abang, Kab. Penukal Abab Lematang Ilir, Sumatera Selatan | F58: 085273470779 | G58: 23 | H58: Anak | I58: D4/S1 | J58: Pendatang | K58: Belum bekerja | L58: 0 | M58: 50.000 | N58: Ya | O58: 1 | P58: 3 | Q58: 180 | R58: Kontak kerabat;Hiburan;Mencari informasi;Membeli produk;Menjual produk;Lainnya | S58: Ya | T58: 1 | U58: 3 | V58: 180 | W58: Kontak kerabat;Hiburan;Mencari informasi;Membeli produk;Menjual produk;Lainnya | X58: Tidak | AC58: Tidak | AH58: Ya | AI58: 1 | AJ58: 2 | AK58: 120 | AL58: Mencari informasi;Lainnya | AM58: Ya | AN58: 3 | AO58: 180 | AP58: Mencari informasi;Menjual produk;Lainnya | AQ58: Ya | AR58: 1 | AS58: 30 | AT58: Mencari informasi | AU58: Ya | AV58: 2 | AW58: 60 | AX58: Hiburan;Mencari informasi | AY58: Ya | AZ58: 3 | BA58: 180 | BB58: Kontak kerabat | BC58: Ya | BD58: 3 | BE58: 180 | BF58: Hiburan;Mencari informasi;Menjual produk;Lainnya | BG58: Ya | BH58: 2 | BI58: 60 | BJ58: Mencari informasi;Lainnya | BK58: Tidak | BO58: Ya | BP58: 2 | BQ58: 60 | BR58: Membeli produk;Menjual produk | BS58: Tidak | BW58: Tidak | CA58: Tidak | CE58: 3 | CF58: 3 | CG58: Berkala Arkeologi, BRIN, Museum Nasional Indonesia sama Amerta | CH58: 6 | CI58: 6 | CJ58: 6 | CK58: Timothy Roland, Kampung Inggris, Pasar Wisata Tour & Travel | CL58: 2 | CM58: 3 | CN58: 3 | CO58: Jaringan Komunikasi (khusus jurusan arkeologi) | CP58: 7 | CQ58: 7 | CR58: 7 | CS58: Maudy Ayunda, TEDx Talks, Desi Dahlan, Gita Wirjawan, Kampung Inggris, Fiersa Bastari, Timothy Ronald | CT58: 5 | CU58: 5 | CV58: 5 | CW58: 5 | CX58: 5 | CY58: 5 | CZ58: 7 | DA58: 5 | DB58: 5 | DC58: 5 | DD58: 5 | DE58: 5 | DF58: 5 | DG58: 7 | DH58: 4 | DI58: 4 | DJ58: 4 | DK58: 4 | DL58: 4 | DM58: 4 | DN58: 7 | DO58: 7 | DP58: 7 | DQ58: 7 | DR58: 7 | DS58: 7 | DT58: 7 | DU58: 7 | DV58: 7 | DW58: 7 | DX58: 5 | DY58: BRIN | DZ58: 7 | EA58: 7 | EB58: 5 | EC58: Maudy Ayunda | ED58: 7 | EE58: 7 | EF58: 5 | EG58: Jaringan komunikasi (khusus jurusan arkeologi) | EH58: 7 | EI58: 7 | EJ58: 5 | EK58: Maudy Ayunda | EL58: 3 | EM58: 7 | EN58: 5 | EO58: 4 | EP58: 7 | EQ58: 6 | ER58: 4 | ES58: 7 | ET58: 4 | EU58: 5 | EV58: 5 | EW58: 5 | EX58: 4 | EY58: 4 | EZ58: 3 | FA58: 4 | FB58: 3 | FC58: 3 | FD58: 6 | FE58: 6 | FF58: 5 | FG58: 5 | FH58: 4 | FI58: 7 | FJ58: 7 | FK58: 5 | FL58: 5 | FM58: 1 | FN58: 5 | FO58: 1 | FP58: 7 | FQ58: 7 | FR58: 7 | FS58: 1 | FT58: 1 | FU58: 7 | FV58: 1 | FW58: 2 | FX58: 6 | FY58: 7 | FZ58: 7 | GA58: 2 | GB58: 2 | GC58: 3 | GD58: 6 | GE58: 3 | GF58: 7 | GG58: 7 | GH58: 2 | GI58: 5 | GJ58: 7 | GK58: 5 | GL58: 5 | GM58: 5 | GN58: 5 | GO58: 5 | GP58: 4 | GQ58: 5 | GR58: 5 | GS58: 7 | GT58: 7 | GU58: 7 | GV58: 6 | GW58: 4 | GX58: 4 | GY58: 4 | GZ58: 4
A59: 2025/10/11 1:18:58 PM GMT+7 | B59: Saya bersedia menjadi responden dalam penelitian ini | C59: Muhamad arya prasetyo | D59: Laki-laki | E59: Dusun 2 desa bumi ayu, kec. Tanah abang, kab. Penukal abab lematang ilir, Prov. Sumatra selatan | F59: 085768334335 | G59: 20 | H59: Anak | I59: SMA/SMK | J59: Penduduk asli | K59: Pengangguran | L59: 0 | M59: 125.000 | N59: Ya | O59: 1 | P59: 24 | Q59: 24jam | R59: Lainnya | S59: Ya | T59: 1 | U59: 24 | V59: 24jm | W59: Lainnya | X59: Tidak | AC59: Tidak | AH59: Tidak | AM59: Ya | AN59: 2 | AO59: 2jam | AP59: Mencari informasi | AQ59: Ya | AR59: 1 | AS59: Â½ jam | AT59: Mencari informasi | AU59: Ya | AV59: 5 | AW59: 3jam | AX59: Mencari informasi | AY59: Ya | AZ59: 24 | BA59: 24 jam | BB59: Lainnya | BC59: Ya | BD59: 15 | BE59: 6 jam | BF59: Hiburan | BG59: Ya | BH59: 5 | BI59: 2 jam | BJ59: Hiburan | BK59: Tidak | BO59: Ya | BP59: 3 | BQ59: Â½ jam | BR59: Membeli produk | BS59: Tidak | BW59: Tidak | CA59: Ya | CB59: 0 | CC59: 0 | CD59: Lainnya | CE59: 7 | CF59: 7 | CG59: Mencari informasi loker | CH59: 7 | CI59: 7 | CJ59: 7 | CK59: Facebook,Tiktok | CL59: 7 | CM59: 7 | CN59: 7 | CO59: Grup karang taruna desa bumi ayu | CP59: 7 | CQ59: 7 | CR59: 7 | CS59: Vidio mancing, dan silat | CT59: 7 | CU59: 7 | CV59: 7 | CW59: 7 | CX59: 7 | CY59: 7 | CZ59: 7 | DA59: 7 | DB59: 7 | DC59: 7 | DD59: 7 | DE59: 7 | DF59: 7 | DG59: 7 | DH59: 7 | DI59: 7 | DJ59: 7 | DK59: 7 | DL59: 7 | DM59: 7 | DN59: 7 | DO59: 7 | DP59: 7 | DQ59: 7 | DR59: 7 | DS59: 7 | DT59: 7 | DU59: 7 | DV59: 7 | DW59: 7 | DX59: 7 | DY59: Guglee | DZ59: 7 | EA59: 7 | EB59: 7 | EC59: Tiktok | ED59: 7 | EE59: 7 | EF59: 7 | EG59: Grup karang taruna desa bumi ayu | EH59: 7 | EI59: 7 | EJ59: 7 | EK59: Channel mancing | EL59: 7 | EM59: 7 | EN59: 7 | EO59: 7 | EP59: 7 | EQ59: 7 | ER59: 7 | ES59: 7 | ET59: 7 | EU59: 7 | EV59: 7 | EW59: 7 | EX59: 7 | EY59: 7 | EZ59: 7 | FA59: 7 | FB59: 7 | FC59: 7 | FD59: 7 | FE59: 7 | FF59: 7 | FG59: 7 | FH59: 7 | FI59: 7 | FJ59: 7 | FK59: 7 | FL59: 7 | FM59: 7 | FN59: 7 | FO59: 7 | FP59: 7 | FQ59: 7 | FR59: 7 | FS59: 7 | FT59: 7 | FU59: 1 | FV59: 7 | FW59: 7 | FX59: 7 | FY59: 7 | FZ59: 7 | GA59: 7 | GB59: 7 | GC59: 7 | GD59: 7 | GE59: 7 | GF59: 7 | GG59: 7 | GH59: 7 | GI59: 7 | GJ59: 7 | GK59: 7 | GL59: 7 | GM59: 7 | GN59: 7 | GO59: 7 | GP59: 7 | GQ59: 7 | GR59: 7 | GS59: 7 | GT59: 7 | GU59: 7 | GV59: 7 | GW59: 7 | GX59: 7 | GY59: 7 | GZ59: 7
A60: 2025/10/11 1:33:10 PM GMT+7 | B60: Saya bersedia menjadi responden dalam penelitian ini | C60: Elin Melia sari | D60: Perempuan | E60: Bumi ayu | F60: 083138857207 | G60: 20 | H60: Anak | I60: SMA/SMK | J60: Penduduk asli | K60: Guru paud | L60: 400 | M60: 100 | N60: Ya | O60: 1 | P60: 4 | Q60: 30 mnt | R60: Kontak kerabat;Hiburan;Mencari informasi;Lainnya | S60: Ya | T60: 1 | U60: 4 | V60: 30 mnt | W60: Kontak kerabat;Hiburan;Mencari informasi;Lainnya | X60: Tidak | AC60: Tidak | AH60: Tidak | AM60: Ya | AN60: 4 | AO60: 20 mnt | AP60: Kontak kerabat;Hiburan;Mencari informasi;Membeli produk;Lainnya | AQ60: Tidak | AU60: Ya | AV60: 2 | AW60: 20 mnt | AX60: Hiburan;Mencari informasi;Lainnya | AY60: Ya | AZ60: 10 | BA60: 15 mnt | BB60: Kontak kerabat;Hiburan;Lainnya | BC60: Ya | BD60: 2 | BE60: 30 | BF60: Hiburan;Mencari informasi;Membeli produk;Lainnya | BG60: Ya | BH60: 1 | BI60: 5 | BJ60: Hiburan | BK60: Tidak | BO60: Ya | BP60: 2 | BQ60: 15 | BR60: Membeli produk;Lainnya | BS60: Tidak | BW60: Tidak | CA60: Tidak | CE60: 7 | CF60: 7 | CG60: Google search | CH60: 7 | CI60: 7 | CJ60: 5 | CK60: Tiktok | CL60: 7 | CM60: 7 | CN60: 6 | CO60: Grup Perkuliahan dan sekolah | CP60: 5 | CQ60: 5 | CR60: 5 | CS60: Nadia omara Khw nusantara | CT60: 7 | CU60: 7 | CV60: 7 | CW60: 1 | CX60: 6 | CY60: 6 | CZ60: 6 | DA60: 7 | DB60: 6 | DC60: 6 | DD60: 6 | DE60: 5 | DF60: 6 | DG60: 6 | DH60: 7 | DI60: 7 | DJ60: 6 | DK60: 1 | DL60: 7 | DM60: 4 | DN60: 5 | DO60: 7 | DP60: 5 | DQ60: 7 | DR60: 7 | DS60: 4 | DT60: 5 | DU60: 7 | DV60: 6 | DW60: 7 | DX60: 7 | DY60: Google Fact Check | DZ60: 7 | EA60: 6 | EB60: 6 | EC60: Twitter | ED60: 7 | EE60: 7 | EF60: 7 | EG60: Grup perkuliahan | EH60: 7 | EI60: 7 | EJ60: 7 | EK60: Cerita horor nadiah omara | EL60: 5 | EM60: 5 | EN60: 7 | EO60: 1 | EP60: 5 | EQ60: 5 | ER60: 5 | ES60: 5 | ET60: 5 | EU60: 5 | EV60: 7 | EW60: 5 | EX60: 5 | EY60: 5 | EZ60: 1 | FA60: 1 | FB60: 5 | FC60: 5 | FD60: 5 | FE60: 1 | FF60: 4 | FG60: 4 | FH60: 4 | FI60: 7 | FJ60: 7 | FK60: 7 | FL60: 5 | FM60: 7 | FN60: 7 | FO60: 1 | FP60: 7 | FQ60: 7 | FR60: 7 | FS60: 7 | FT60: 5 | FU60: 4 | FV60: 5 | FW60: 7 | FX60: 7 | FY60: 5 | FZ60: 7 | GA60: 5 | GB60: 5 | GC60: 7 | GD60: 7 | GE60: 5 | GF60: 4 | GG60: 1 | GH60: 1 | GI60: 1 | GJ60: 7 | GK60: 5 | GL60: 7 | GM60: 7 | GN60: 7 | GO60: 7 | GP60: 7 | GQ60: 1 | GR60: 7 | GS60: 4 | GT60: 5 | GU60: 6 | GV60: 7 | GW60: 7 | GX60: 7 | GY60: 5 | GZ60: 5
A61: 2025/10/11 2:18:17 PM GMT+7 | B61: Saya bersedia menjadi responden dalam penelitian ini | C61: ARIEL PRASETYO | D61: Laki-laki | E61: Dusun 1 desa bumi ayu | F61: 083833852261 | G61: 19 | H61: Anak | I61: SMA/SMK | J61: Pendatang | K61: Belum bekerja/mahasiswa | L61: 200 | M61: 120 | N61: Ya | O61: 2 | P61: 10 | Q61: 30 menit | R61: Kontak kerabat;Hiburan;Mencari informasi;Lainnya | S61: Ya | T61: 2 | U61: 10 | V61: 30 menit | W61: Kontak kerabat;Hiburan;Mencari informasi;Lainnya | X61: Tidak | AC61: Tidak | AH61: Tidak | AM61: Ya | AN61: 5 | AO61: 5 menit | AP61: Hiburan | AQ61: Tidak | AU61: Ya | AV61: 10 | AW61: 30 menit | AX61: Kontak kerabat;Hiburan;Mencari informasi;Lainnya | AY61: Ya | AZ61: 12 | BA61: 30 menit | BB61: Kontak kerabat;Mencari informasi;Lainnya | BC61: Ya | BD61: 10 | BE61: 30 menit | BF61: Hiburan;Mencari informasi;Membeli produk;Lainnya | BG61: Tidak | BK61: Tidak | BO61: Ya | BP61: 5 | BQ61: 15 menit | BR61: Membeli produk;Lainnya | BS61: Tidak | BW61: Tidak | CA61: Tidak | CE61: 7 | CF61: 7 | CG61: Google atau chrome | CH61: 1 | CI61: 1 | CJ61: 1 | CK61: Tiktok | CL61: 1 | CM61: 1 | CN61: 1 | CO61: Tidak ada | CP61: 1 | CQ61: 1 | CR61: 1 | CS61: Tidak ada | CT61: 7 | CU61: 7 | CV61: 7 | CW61: 1 | CX61: 7 | CY61: 7 | CZ61: 7 | DA61: 7 | DB61: 7 | DC61: 1 | DD61: 1 | DE61: 7 | DF61: 7 | DG61: 7 | DH61: 1 | DI61: 1 | DJ61: 1 | DK61: 1 | DL61: 1 | DM61: 1 | DN61: 1 | DO61: 7 | DP61: 7 | DQ61: 7 | DR61: 1 | DS61: 7 | DT61: 7 | DU61: 7 | DV61: 7 | DW61: 7 | DX61: 7 | DY61: Google atau chrome | DZ61: 7 | EA61: 7 | EB61: 7 | EC61: Kompas tv | ED61: 1 | EE61: 1 | EF61: 1 | EG61: Tidak ada | EH61: 1 | EI61: 1 | EJ61: 7 | EK61: Tidak ada | EL61: 1 | EM61: 1 | EN61: 1 | EO61: 1 | EP61: 1 | EQ61: 1 | ER61: 1 | ES61: 1 | ET61: 1 | EU61: 1 | EV61: 1 | EW61: 1 | EX61: 1 | EY61: 1 | EZ61: 1 | FA61: 1 | FB61: 1 | FC61: 1 | FD61: 1 | FE61: 1 | FF61: 1 | FG61: 1 | FH61: 1 | FI61: 7 | FJ61: 1 | FK61: 7 | FL61: 1 | FM61: 7 | FN61: 7 | FO61: 1 | FP61: 7 | FQ61: 7 | FR61: 7 | FS61: 1 | FT61: 1 | FU61: 7 | FV61: 1 | FW61: 7 | FX61: 7 | FY61: 7 | FZ61: 7 | GA61: 1 | GB61: 1 | GC61: 1 | GD61: 7 | GE61: 1 | GF61: 7 | GG61: 1 | GH61: 1 | GI61: 1 | GJ61: 7 | GK61: 7 | GL61: 7 | GM61: 7 | GN61: 7 | GO61: 7 | GP61: 7 | GQ61: 7 | GR61: 7 | GS61: 7 | GT61: 7 | GU61: 7 | GV61: 7 | GW61: 7 | GX61: 7 | GY61: 7 | GZ61: 7
A62: 2025/10/11 4:30:46 PM GMT+7 | B62: Saya bersedia menjadi responden dalam penelitian ini | C62: Fikri ardiansyah | D62: Laki-laki | E62: Desa bumi ayu dusun, 2 | F62: 085377416116 | G62: 29 | H62: KK | I62: SMA/SMK | J62: Penduduk asli | K62: Prangkat desa | L62: 2100000 | M62: 100000 | N62: Ya | O62: 1 | P62: 2 | Q62: 30 | R62: Kontak kerabat;Hiburan;Mencari informasi | S62: Tidak | X62: Tidak | AC62: Tidak | AH62: Tidak | AM62: Ya | AN62: 2 | AO62: 20 | AP62: Lainnya | AQ62: Tidak | AU62: Ya | AV62: 2 | AW62: 5 | AX62: Lainnya | AY62: Ya | AZ62: 2 | BA62: 10 | BB62: Kontak kerabat;Lainnya | BC62: Ya | BD62: 2 | BE62: 3 | BF62: Hiburan;Lainnya | BG62: Tidak | BK62: Tidak | BO62: Tidak | BS62: Tidak | BW62: Tidak | CA62: Tidak | CE62: 4 | CF62: 4 | CG62: Kesehatan | CH62: 4 | CI62: 5 | CJ62: 3 | CK62: Pidio lucu | CL62: 3 | CM62: 4 | CN62: 3 | CO62: Tgm mancing | CP62: 4 | CQ62: 3 | CR62: 4 | CS62: Grup mancing | CT62: 3 | CU62: 4 | CV62: 3 | CW62: 3 | CX62: 2 | CY62: 3 | CZ62: 3 | DA62: 2 | DB62: 3 | DC62: 3 | DD62: 4 | DE62: 3 | DF62: 3 | DG62: 4 | DH62: 2 | DI62: 3 | DJ62: 3 | DK62: 4 | DL62: 5 | DM62: 4 | DN62: 4 | DO62: 3 | DP62: 3 | DQ62: 3 | DR62: 4 | DS62: 3 | DT62: 3 | DU62: 3 | DV62: 2 | DW62: 3 | DX62: 3 | DY62: 0 | DZ62: 2 | EA62: 2 | EB62: 3 | EC62: 0 | ED62: 2 | EE62: 2 | EF62: 2 | EG62: Berita pali | EH62: 2 | EI62: 3 | EJ62: 2 | EK62: 0 | EL62: 2 | EM62: 3 | EN62: 2 | EO62: 3 | EP62: 3 | EQ62: 2 | ER62: 2 | ES62: 4 | ET62: 3 | EU62: 3 | EV62: 3 | EW62: 3 | EX62: 3 | EY62: 2 | EZ62: 3 | FA62: 3 | FB62: 3 | FC62: 3 | FD62: 3 | FE62: 2 | FF62: 3 | FG62: 3 | FH62: 3 | FI62: 3 | FJ62: 3 | FK62: 1 | FL62: 2 | FM62: 2 | FN62: 2 | FO62: 2 | FP62: 2 | FQ62: 2 | FR62: 2 | FS62: 2 | FT62: 2 | FU62: 6 | FV62: 2 | FW62: 2 | FX62: 3 | FY62: 2 | FZ62: 2 | GA62: 2 | GB62: 2 | GC62: 2 | GD62: 3 | GE62: 2 | GF62: 3 | GG62: 2 | GH62: 2 | GI62: 3 | GJ62: 2 | GK62: 3 | GL62: 2 | GM62: 2 | GN62: 2 | GO62: 2 | GP62: 3 | GQ62: 3 | GR62: 3 | GS62: 2 | GT62: 3 | GU62: 3 | GV62: 3 | GW62: 1 | GX62: 1 | GY62: 2 | GZ62: 2
A63: 2025/10/11 4:41:13 PM GMT+7 | B63: Saya bersedia menjadi responden dalam penelitian ini | C63: Rebian sagita | D63: Laki-laki | E63: Dusun 5 desa pandan | F63: 081279375456 | G63: 25 | H63: Anak | I63: SMA/SMK | J63: Penduduk asli | K63: Staf desa | L63: 500 | M63: 100 | N63: Ya | O63: 1 | P63: 12 | Q63: 30.menit | R63: Mencari informasi | S63: Tidak | X63: Tidak | AC63: Tidak | AH63: Tidak | AM63: Ya | AN63: 12 | AO63: 30 menit | AP63: Mencari informasi | AQ63: Tidak | AU63: Tidak | AY63: Ya | AZ63: 12 | BA63: 30.menit | BB63: Mencari informasi | BC63: Tidak | BG63: Ya | BH63: 12 | BI63: 30 menit | BJ63: Mencari informasi | BK63: Tidak | BO63: Tidak | BS63: Tidak | BW63: Tidak | CA63: Tidak | CE63: 2 | CF63: 2 | CG63: Ya | CH63: 2 | CI63: 2 | CJ63: 1 | CK63: Tidak | CL63: 2 | CM63: 1 | CN63: 1 | CO63: Tidak | CP63: 1 | CQ63: 1 | CR63: 1 | CS63: Tidak | CT63: 1 | CU63: 1 | CV63: 1 | CW63: 1 | CX63: 1 | CY63: 1 | CZ63: 1 | DA63: 1 | DB63: 1 | DC63: 1 | DD63: 1 | DE63: 1 | DF63: 1 | DG63: 1 | DH63: 1 | DI63: 1 | DJ63: 1 | DK63: 1 | DL63: 1 | DM63: 1 | DN63: 1 | DO63: 1 | DP63: 1 | DQ63: 1 | DR63: 1 | DS63: 1 | DT63: 1 | DU63: 1 | DV63: 1 | DW63: 1 | DX63: 1 | DY63: Tidak | DZ63: 1 | EA63: 1 | EB63: 1 | EC63: Tidak | ED63: 1 | EE63: 1 | EF63: 1 | EG63: Tidak | EH63: 1 | EI63: 1 | EJ63: 1 | EK63: Pali terkini | EL63: 1 | EM63: 1 | EN63: 1 | EO63: 1 | EP63: 1 | EQ63: 1 | ER63: 1 | ES63: 1 | ET63: 1 | EU63: 1 | EV63: 1 | EW63: 1 | EX63: 1 | EY63: 1 | EZ63: 1 | FA63: 1 | FB63: 1 | FC63: 1 | FD63: 1 | FE63: 1 | FF63: 1 | FG63: 1 | FH63: 1 | FI63: 1 | FJ63: 1 | FK63: 1 | FL63: 1 | FM63: 1 | FN63: 1 | FO63: 1 | FP63: 1 | FQ63: 1 | FR63: 1 | FS63: 1 | FT63: 1 | FU63: 7 | FV63: 1 | FW63: 1 | FX63: 1 | FY63: 1 | FZ63: 1 | GA63: 1 | GB63: 1 | GC63: 1 | GD63: 1 | GE63: 1 | GF63: 1 | GG63: 1 | GH63: 1 | GI63: 1 | GJ63: 1 | GK63: 1 | GL63: 1 | GM63: 1 | GN63: 1 | GO63: 1 | GP63: 1 | GQ63: 1 | GR63: 1 | GS63: 1 | GT63: 1 | GU63: 1 | GV63: 1 | GW63: 1 | GX63: 1 | GY63: 1 | GZ63: 1
A64: 2025/10/11 4:42:54 PM GMT+7 | B64: Saya bersedia menjadi responden dalam penelitian ini | C64: RESEN ANANTA | D64: Laki-laki | E64: Dusun 02 desa pandan | F64: 081282188649 | G64: 19 | H64: Anak | I64: SMA/SMK | J64: Penduduk asli | K64: Blm bekerja | L64: 0 | M64: 100.000 | N64: Ya | O64: 1 | P64: 12 | Q64: 2 jam | R64: Hiburan;Mencari informasi | S64: Tidak | X64: Tidak | AC64: Tidak | AH64: Tidak | AM64: Ya | AN64: 24 | AO64: 3 jam | AP64: Hiburan;Mencari informasi | AQ64: Tidak | AU64: Tidak | AY64: Ya | AZ64: 24 | BA64: 1 | BB64: Mencari informasi | BC64: Tidak | BG64: Ya | BH64: 24 | BI64: 1 | BJ64: Mencari informasi | BK64: Tidak | BO64: Tidak | BS64: Tidak | BW64: Tidak | CA64: Tidak | CE64: 2 | CF64: 2 | CG64: Tidak punya website | CH64: 1 | CI64: 1 | CJ64: 2 | CK64: Tidak ad | CL64: 1 | CM64: 2 | CN64: 4 | CO64: Berita terkini | CP64: 5 | CQ64: 4 | CR64: 5 | CS64: Berita terkini | CT64: 4 | CU64: 2 | CV64: 2 | CW64: 2 | CX64: 3 | CY64: 4 | CZ64: 2 | DA64: 5 | DB64: 1 | DC64: 4 | DD64: 4 | DE64: 3 | DF64: 2 | DG64: 3 | DH64: 3 | DI64: 3 | DJ64: 3 | DK64: 3 | DL64: 2 | DM64: 3 | DN64: 3 | DO64: 3 | DP64: 3 | DQ64: 4 | DR64: 2 | DS64: 5 | DT64: 3 | DU64: 4 | DV64: 3 | DW64: 3 | DX64: 2 | DY64: Berita | DZ64: 3 | EA64: 3 | EB64: 4 | EC64: Vidio | ED64: 2 | EE64: 3 | EF64: 3 | EG64: Data presisi | EH64: 4 | EI64: 3 | EJ64: 4 | EK64: Tvwan | EL64: 4 | EM64: 4 | EN64: 4 | EO64: 3 | EP64: 3 | EQ64: 4 | ER64: 3 | ES64: 3 | ET64: 3 | EU64: 3 | EV64: 3 | EW64: 4 | EX64: 4 | EY64: 4 | EZ64: 4 | FA64: 4 | FB64: 3 | FC64: 3 | FD64: 4 | FE64: 5 | FF64: 4 | FG64: 3 | FH64: 4 | FI64: 5 | FJ64: 4 | FK64: 1 | FL64: 5 | FM64: 3 | FN64: 5 | FO64: 2 | FP64: 5 | FQ64: 5 | FR64: 5 | FS64: 3 | FT64: 4 | FU64: 5 | FV64: 5 | FW64: 6 | FX64: 3 | FY64: 4 | FZ64: 3 | GA64: 3 | GB64: 2 | GC64: 3 | GD64: 4 | GE64: 4 | GF64: 4 | GG64: 4 | GH64: 4 | GI64: 4 | GJ64: 3 | GK64: 5 | GL64: 5 | GM64: 3 | GN64: 4 | GO64: 5 | GP64: 3 | GQ64: 3 | GR64: 5 | GS64: 3 | GT64: 5 | GU64: 3 | GV64: 4 | GW64: 4 | GX64: 3 | GY64: 4 | GZ64: 3
A65: 2025/10/11 4:45:03 PM GMT+7 | B65: Saya bersedia menjadi responden dalam penelitian ini | C65: ALIM MUL HALIM | D65: Laki-laki | E65: DUSUN 2 DESA PANDAN | F65: 08979864390 | G65: 25 | H65: Anak | I65: D4/S1 | J65: Penduduk asli | K65: GURU/ GURU NGAJI | L65: 400000 | M65: 300000 | N65: Ya | O65: 1 | P65: 3 | Q65: 240 | R65: Kontak kerabat;Hiburan;Mencari informasi | S65: Ya | T65: 1 | U65: 3 | V65: 240 | W65: Kontak kerabat;Hiburan;Mencari informasi | X65: Tidak | AC65: Tidak | AH65: Tidak | AM65: Ya | AN65: 3 | AO65: 120 | AP65: Kontak kerabat;Hiburan;Mencari informasi | AQ65: Tidak | AU65: Tidak | AY65: Ya | AZ65: 3 | BA65: 120 | BB65: Kontak kerabat;Hiburan;Mencari informasi | BC65: Tidak | BG65: Tidak | BK65: Tidak | BO65: Tidak | BS65: Tidak | BW65: Tidak | CA65: Tidak | CE65: 4 | CF65: 6 | CG65: blogger | CH65: 6 | CI65: 4 | CJ65: 4 | CK65: Mael le | CL65: 7 | CM65: 7 | CN65: 7 | CO65: Karang taruna desa pandan | CP65: 1 | CQ65: 1 | CR65: 1 | CS65: Fadil jaidi | CT65: 7 | CU65: 7 | CV65: 7 | CW65: 7 | CX65: 4 | CY65: 4 | CZ65: 4 | DA65: 7 | DB65: 7 | DC65: 7 | DD65: 7 | DE65: 7 | DF65: 7 | DG65: 7 | DH65: 7 | DI65: 7 | DJ65: 7 | DK65: 7 | DL65: 7 | DM65: 7 | DN65: 7 | DO65: 1 | DP65: 1 | DQ65: 1 | DR65: 1 | DS65: 1 | DT65: 1 | DU65: 1 | DV65: 7 | DW65: 5 | DX65: 7 | DY65: Newtv | DZ65: 7 | EA65: 7 | EB65: 7 | EC65: Tempo | ED65: 7 | EE65: 7 | EF65: 7 | EG65: KARANG TARUNA DESA PANDAN | EH65: 1 | EI65: 1 | EJ65: 1 | EK65: FADIL JAIDI | EL65: 7 | EM65: 7 | EN65: 7 | EO65: 7 | EP65: 7 | EQ65: 7 | ER65: 7 | ES65: 7 | ET65: 7 | EU65: 7 | EV65: 7 | EW65: 7 | EX65: 7 | EY65: 7 | EZ65: 7 | FA65: 7 | FB65: 7 | FC65: 7 | FD65: 7 | FE65: 7 | FF65: 7 | FG65: 7 | FH65: 7 | FI65: 7 | FJ65: 6 | FK65: 7 | FL65: 7 | FM65: 1 | FN65: 1 | FO65: 1 | FP65: 7 | FQ65: 7 | FR65: 7 | FS65: 1 | FT65: 1 | FU65: 7 | FV65: 1 | FW65: 7 | FX65: 7 | FY65: 7 | FZ65: 7 | GA65: 1 | GB65: 1 | GC65: 1 | GD65: 7 | GE65: 1 | GF65: 7 | GG65: 1 | GH65: 1 | GI65: 5 | GJ65: 7 | GK65: 7 | GL65: 7 | GM65: 7 | GN65: 7 | GO65: 7 | GP65: 7 | GQ65: 7 | GR65: 7 | GS65: 7 | GT65: 7 | GU65: 7 | GV65: 7 | GW65: 7 | GX65: 7 | GY65: 7 | GZ65: 7
A66: 2025/10/11 4:45:11 PM GMT+7 | B66: Saya bersedia menjadi responden dalam penelitian ini | C66: AIBI HAKIM | D66: Laki-laki | E66: Dusun 1 desa pandan | F66: 082371751326 | G66: 24 | H66: Anak | I66: SMA/SMK | J66: Penduduk asli | K66: Mahasiswa | L66: 0 | M66: 200000 | N66: Ya | O66: 2 | P66: 12 | Q66: 2 | R66: Mencari informasi | S66: Tidak | X66: Tidak | AC66: Tidak | AH66: Ya | AI66: 1 | AJ66: 1 | AK66: 60menit | AL66: Mencari informasi | AM66: Ya | AN66: 4 | AO66: 60menit | AP66: Mencari informasi | AQ66: Tidak | AU66: Ya | AV66: 4 | AW66: 120 | AX66: Hiburan | AY66: Ya | AZ66: 24 | BA66: 60menit | BB66: Kontak kerabat | BC66: Ya | BD66: 24 | BE66: 120menit | BF66: Hiburan | BG66: Tidak | BK66: Tidak | BO66: Tidak | BS66: Tidak | BW66: Tidak | CA66: Tidak | CE66: 5 | CF66: 5 | CG66: Wwwinfopaliterkini.com | CH66: 7 | CI66: 7 | CJ66: 7 | CK66: Tribunsumsul | CL66: 7 | CM66: 7 | CN66: 7 | CO66: Grub asli kecamatan tanah abang | CP66: 7 | CQ66: 7 | CR66: 7 | CS66: Tv one | CT66: 7 | CU66: 7 | CV66: 7 | CW66: 7 | CX66: 7 | CY66: 7 | CZ66: 7 | DA66: 7 | DB66: 7 | DC66: 7 | DD66: 7 | DE66: 7 | DF66: 7 | DG66: 7 | DH66: 7 | DI66: 7 | DJ66: 7 | DK66: 7 | DL66: 7 | DM66: 7 | DN66: 7 | DO66: 7 | DP66: 7 | DQ66: 7 | DR66: 7 | DS66: 7 | DT66: 7 | DU66: 7 | DV66: 7 | DW66: 7 | DX66: 7 | DY66: Wwwpali.com | DZ66: 7 | EA66: 7 | EB66: 7 | EC66: Tribun sumsel | ED66: 7 | EE66: 7 | EF66: 7 | EG66: Grub asli kecamatan tanah abang | EH66: 7 | EI66: 7 | EJ66: 7 | EK66: Tv one | EL66: 7 | EM66: 7 | EN66: 7 | EO66: 7 | EP66: 7 | EQ66: 7 | ER66: 7 | ES66: 7 | ET66: 7 | EU66: 7 | EV66: 7 | EW66: 7 | EX66: 7 | EY66: 7 | EZ66: 7 | FA66: 7 | FB66: 7 | FC66: 7 | FD66: 7 | FE66: 7 | FF66: 7 | FG66: 7 | FH66: 7 | FI66: 7 | FJ66: 7 | FK66: 7 | FL66: 7 | FM66: 7 | FN66: 7 | FO66: 7 | FP66: 7 | FQ66: 7 | FR66: 7 | FS66: 7 | FT66: 7 | FU66: 1 | FV66: 7 | FW66: 7 | FX66: 7 | FY66: 7 | FZ66: 7 | GA66: 7 | GB66: 7 | GC66: 7 | GD66: 7 | GE66: 7 | GF66: 7 | GG66: 7 | GH66: 7 | GI66: 7 | GJ66: 7 | GK66: 7 | GL66: 7 | GM66: 7 | GN66: 7 | GO66: 7 | GP66: 7 | GQ66: 7 | GR66: 7 | GS66: 7 | GT66: 7 | GU66: 7 | GV66: 7 | GW66: 7 | GX66: 7 | GY66: 7 | GZ66: 7
A67: 2025/10/11 4:47:40 PM GMT+7 | B67: Saya bersedia menjadi responden dalam penelitian ini | C67: PERI SUWITO | D67: Laki-laki | E67: Dusun 4 desa pandan | F67: 082252555861 | G67: 26 | H67: Anak | I67: D4/S1 | J67: Penduduk asli | K67: Pengganguran | L67: 0 | M67: 100.000 | N67: Ya | O67: 1 | P67: 10 | Q67: 12 jam | R67: Mencari informasi | S67: Tidak | X67: Tidak | AC67: Tidak | AH67: Tidak | AM67: Ya | AN67: 1 | AO67: 1 | AP67: Mencari informasi | AQ67: Tidak | AU67: Ya | AV67: 1 | AW67: 1 | AX67: Mencari informasi | AY67: Ya | AZ67: 12 | BA67: 12 | BB67: Kontak kerabat;Mencari informasi;Lainnya | BC67: Ya | BD67: 1 | BE67: 5 | BF67: Hiburan | BG67: Tidak | BK67: Tidak | BO67: Ya | BP67: 1 | BQ67: 5 | BR67: Membeli produk | BS67: Tidak | BW67: Tidak | CA67: Tidak | CE67: 1 | CF67: 1 | CG67: Tribunnews | CH67: 7 | CI67: 4 | CJ67: 4 | CK67: LokerSumsel.com | CL67: 5 | CM67: 4 | CN67: 5 | CO67: Group Pendataan presisi desa pandan Group pali hits | CP67: 5 | CQ67: 5 | CR67: 5 | CS67: Metrotvnews | CT67: 5 | CU67: 4 | CV67: 5 | CW67: 5 | CX67: 7 | CY67: 4 | CZ67: 5 | DA67: 7 | DB67: 6 | DC67: 5 | DD67: 6 | DE67: 6 | DF67: 6 | DG67: 4 | DH67: 6 | DI67: 5 | DJ67: 5 | DK67: 4 | DL67: 5 | DM67: 4 | DN67: 5 | DO67: 7 | DP67: 5 | DQ67: 4 | DR67: 5 | DS67: 5 | DT67: 5 | DU67: 5 | DV67: 5 | DW67: 5 | DX67: 5 | DY67: Metrotvnews | DZ67: 5 | EA67: 4 | EB67: 5 | EC67: Loker Pali | ED67: 5 | EE67: 5 | EF67: 5 | EG67: Group pali hits | EH67: 4 | EI67: 5 | EJ67: 5 | EK67: Metrotvnews | EL67: 4 | EM67: 4 | EN67: 4 | EO67: 4 | EP67: 4 | EQ67: 4 | ER67: 4 | ES67: 4 | ET67: 4 | EU67: 4 | EV67: 4 | EW67: 4 | EX67: 4 | EY67: 4 | EZ67: 4 | FA67: 4 | FB67: 4 | FC67: 4 | FD67: 4 | FE67: 4 | FF67: 4 | FG67: 4 | FH67: 4 | FI67: 4 | FJ67: 4 | FK67: 4 | FL67: 4 | FM67: 4 | FN67: 4 | FO67: 4 | FP67: 4 | FQ67: 4 | FR67: 4 | FS67: 4 | FT67: 4 | FU67: 4 | FV67: 4 | FW67: 4 | FX67: 4 | FY67: 4 | FZ67: 4 | GA67: 4 | GB67: 4 | GC67: 4 | GD67: 4 | GE67: 4 | GF67: 4 | GG67: 4 | GH67: 4 | GI67: 4 | GJ67: 4 | GK67: 4 | GL67: 4 | GM67: 4 | GN67: 4 | GO67: 4 | GP67: 4 | GQ67: 4 | GR67: 4 | GS67: 4 | GT67: 4 | GU67: 4 | GV67: 4 | GW67: 4 | GX67: 4 | GY67: 4 | GZ67: 3
A68: 2025/10/11 4:47:44 PM GMT+7 | B68: Saya bersedia menjadi responden dalam penelitian ini | C68: Dewa marki | D68: Laki-laki | E68: Dusun 1 Desa pandan | F68: 082238160091 | G68: 20 | H68: Anak | I68: SMA/SMK | J68: Penduduk asli | K68: Wiraswasta | L68: 500 | M68: 100.000 | N68: Ya | O68: 1 | P68: 12 | Q68: 2 | R68: Kontak kerabat;Mencari informasi;Membeli produk;Lainnya | S68: Tidak | X68: Tidak | AC68: Tidak | AH68: Tidak | AM68: Ya | AN68: 10 | AO68: 1 | AP68: Hiburan;Mencari informasi;Lainnya | AQ68: Tidak | AU68: Ya | AV68: 5 | AW68: 1 | AX68: Hiburan;Mencari informasi;Lainnya | AY68: Ya | AZ68: 10 | BA68: 10 | BB68: Kontak kerabat;Lainnya | BC68: Tidak | BG68: Tidak | BK68: Tidak | BO68: Tidak | BS68: Tidak | BW68: Tidak | CA68: Tidak | CE68: 3 | CF68: 3 | CG68: Tidak ada | CH68: 5 | CI68: 5 | CJ68: 5 | CK68: Instagram | CL68: 4 | CM68: 5 | CN68: 5 | CO68: Karang taruna desa pandan, ddp pandan | CP68: 5 | CQ68: 5 | CR68: 5 | CS68: Tv one | CT68: 4 | CU68: 4 | CV68: 4 | CW68: 3 | CX68: 3 | CY68: 3 | CZ68: 3 | DA68: 6 | DB68: 6 | DC68: 6 | DD68: 6 | DE68: 6 | DF68: 6 | DG68: 6 | DH68: 5 | DI68: 5 | DJ68: 5 | DK68: 5 | DL68: 5 | DM68: 5 | DN68: 5 | DO68: 5 | DP68: 5 | DQ68: 5 | DR68: 5 | DS68: 5 | DT68: 5 | DU68: 5 | DV68: 3 | DW68: 3 | DX68: 3 | DY68: Google | DZ68: 6 | EA68: 6 | EB68: 6 | EC68: Instagram, | ED68: 5 | EE68: 5 | EF68: 5 | EG68: Karang taruna desa pandan | EH68: 6 | EI68: 6 | EJ68: 6 | EK68: Tv one | EL68: 3 | EM68: 5 | EN68: 5 | EO68: 5 | EP68: 5 | EQ68: 5 | ER68: 5 | ES68: 5 | ET68: 5 | EU68: 4 | EV68: 5 | EW68: 5 | EX68: 5 | EY68: 5 | EZ68: 5 | FA68: 5 | FB68: 5 | FC68: 5 | FD68: 5 | FE68: 5 | FF68: 5 | FG68: 5 | FH68: 5 | FI68: 5 | FJ68: 5 | FK68: 4 | FL68: 5 | FM68: 5 | FN68: 5 | FO68: 5 | FP68: 5 | FQ68: 5 | FR68: 5 | FS68: 5 | FT68: 5 | FU68: 3 | FV68: 5 | FW68: 5 | FX68: 5 | FY68: 5 | FZ68: 5 | GA68: 5 | GB68: 5 | GC68: 5 | GD68: 5 | GE68: 5 | GF68: 5 | GG68: 5 | GH68: 5 | GI68: 5 | GJ68: 5 | GK68: 3 | GL68: 3 | GM68: 3 | GN68: 3 | GO68: 4 | GP68: 4 | GQ68: 4 | GR68: 4 | GS68: 4 | GT68: 4 | GU68: 4 | GV68: 4 | GW68: 4 | GX68: 4 | GY68: 4 | GZ68: 4
A69: 2025/10/11 4:50:38 PM GMT+7 | B69: Saya bersedia menjadi responden dalam penelitian ini | C69: IKLAN BERI | D69: Laki-laki | E69: Dusun VII | F69: 082225652625 | G69: 32 | H69: KK | I69: D4/S1 | J69: Penduduk asli | K69: PPPK | L69: 3200000 | M69: 200000 | N69: Ya | O69: 2 | P69: 5 | Q69: 60 | R69: Kontak kerabat;Hiburan;Mencari informasi;Lainnya | S69: Ya | T69: 1 | U69: 5 | V69: 60 | W69: Kontak kerabat;Hiburan;Mencari informasi;Lainnya | X69: Tidak | AC69: Ya | AD69: 1 | AE69: 2 | AF69: 60 | AG69: Mencari informasi;Lainnya | AH69: Ya | AI69: 1 | AJ69: 2 | AK69: 60 | AL69: Mencari informasi;Lainnya | AM69: Ya | AN69: 1 | AO69: 20 | AP69: Hiburan;Mencari informasi;Lainnya | AQ69: Tidak | AU69: Tidak | AY69: Ya | AZ69: 10 | BA69: 120 | BB69: Kontak kerabat;Hiburan;Mencari informasi;Lainnya | BC69: Tidak | BG69: Tidak | BK69: Tidak | BO69: Tidak | BS69: Tidak | BW69: Tidak | CA69: Tidak | CE69: 3 | CF69: 2 | CG69: Desa Pandan | CH69: 2 | CI69: 2 | CJ69: 2 | CK69: Kemensos | CL69: 7 | CM69: 4 | CN69: 3 | CO69: GRUB KELUARGA | CP69: 4 | CQ69: 4 | CR69: 4 | CS69: Tribunnews | CT69: 5 | CU69: 5 | CV69: 5 | CW69: 5 | CX69: 5 | CY69: 5 | CZ69: 5 | DA69: 4 | DB69: 4 | DC69: 4 | DD69: 4 | DE69: 4 | DF69: 4 | DG69: 7 | DH69: 7 | DI69: 7 | DJ69: 7 | DK69: 4 | DL69: 5 | DM69: 5 | DN69: 7 | DO69: 5 | DP69: 7 | DQ69: 5 | DR69: 5 | DS69: 5 | DT69: 5 | DU69: 7 | DV69: 5 | DW69: 5 | DX69: 5 | DY69: Tribunnews | DZ69: 5 | EA69: 5 | EB69: 5 | EC69: Kemensos | ED69: 7 | EE69: 7 | EF69: 7 | EG69: GruB KELUARGA | EH69: 7 | EI69: 7 | EJ69: 7 | EK69: Tribunnews | EL69: 5 | EM69: 4 | EN69: 5 | EO69: 5 | EP69: 4 | EQ69: 4 | ER69: 4 | ES69: 4 | ET69: 4 | EU69: 4 | EV69: 5 | EW69: 5 | EX69: 5 | EY69: 5 | EZ69: 5 | FA69: 5 | FB69: 5 | FC69: 5 | FD69: 5 | FE69: 5 | FF69: 7 | FG69: 7 | FH69: 7 | FI69: 7 | FJ69: 7 | FK69: 7 | FL69: 7 | FM69: 1 | FN69: 5 | FO69: 1 | FP69: 7 | FQ69: 7 | FR69: 7 | FS69: 1 | FT69: 1 | FU69: 7 | FV69: 1 | FW69: 7 | FX69: 7 | FY69: 7 | FZ69: 7 | GA69: 1 | GB69: 1 | GC69: 1 | GD69: 7 | GE69: 1 | GF69: 7 | GG69: 1 | GH69: 1 | GI69: 1 | GJ69: 7 | GK69: 7 | GL69: 7 | GM69: 7 | GN69: 7 | GO69: 7 | GP69: 7 | GQ69: 7 | GR69: 7 | GS69: 7 | GT69: 7 | GU69: 7 | GV69: 7 | GW69: 7 | GX69: 7 | GY69: 7 | GZ69: 7
A70: 2025/10/11 4:51:46 PM GMT+7 | B70: Saya bersedia menjadi responden dalam penelitian ini | C70: Nehru Aziz | D70: Laki-laki | E70: Dusun V Desa Pandan | F70: 082176376326 | G70: 26 | H70: Anak | I70: D4/S1 | J70: Penduduk asli | K70: PPPK | L70: 3000000 | M70: 300000 | N70: Ya | O70: 1 | P70: 12 | Q70: 120 | R70: Kontak kerabat;Hiburan;Mencari informasi | S70: Ya | T70: 1 | U70: 12 | V70: 120 | W70: Kontak kerabat;Hiburan;Mencari informasi | X70: Tidak | AC70: Tidak | AH70: Ya | AI70: 1 | AJ70: 1 | AK70: 120 | AL70: Hiburan;Mencari informasi | AM70: Ya | AN70: 1 | AO70: 30 | AP70: Kontak kerabat;Hiburan;Mencari informasi | AQ70: Tidak | AU70: Ya | AV70: 6 | AW70: 60 | AX70: Kontak kerabat;Hiburan;Mencari informasi | AY70: Ya | AZ70: 12 | BA70: 120 | BB70: Kontak kerabat;Hiburan;Mencari informasi | BC70: Ya | BD70: 6 | BE70: 90 | BF70: Kontak kerabat;Hiburan;Mencari informasi;Membeli produk | BG70: Ya | BH70: 4 | BI70: 60 | BJ70: Hiburan;Mencari informasi | BK70: Ya | BL70: 1 | BM70: 30 | BN70: Lainnya | BO70: Ya | BP70: 1 | BQ70: 60 | BR70: Membeli produk | BS70: Tidak | BW70: Tidak | CA70: Tidak | CE70: 5 | CF70: 4 | CG70: Tribunnews | CH70: 4 | CI70: 4 | CJ70: 3 | CK70: Gerindra | CL70: 4 | CM70: 4 | CN70: 4 | CO70: Alumni Kampus | CP70: 4 | CQ70: 4 | CR70: 3 | CS70: Matanajwa | CT70: 3 | CU70: 3 | CV70: 4 | CW70: 6 | CX70: 4 | CY70: 4 | CZ70: 4 | DA70: 4 | DB70: 4 | DC70: 4 | DD70: 4 | DE70: 4 | DF70: 4 | DG70: 4 | DH70: 4 | DI70: 4 | DJ70: 4 | DK70: 4 | DL70: 4 | DM70: 4 | DN70: 5 | DO70: 4 | DP70: 4 | DQ70: 4 | DR70: 4 | DS70: 4 | DT70: 4 | DU70: 4 | DV70: 6 | DW70: 6 | DX70: 4 | DY70: Tribunnews | DZ70: 7 | EA70: 7 | EB70: 4 | EC70: Matanajwa | ED70: 7 | EE70: 7 | EF70: 4 | EG70: Alumni kampus | EH70: 7 | EI70: 6 | EJ70: 5 | EK70: Matanajwa | EL70: 6 | EM70: 6 | EN70: 6 | EO70: 6 | EP70: 4 | EQ70: 4 | ER70: 4 | ES70: 4 | ET70: 4 | EU70: 4 | EV70: 4 | EW70: 4 | EX70: 4 | EY70: 4 | EZ70: 4 | FA70: 4 | FB70: 4 | FC70: 4 | FD70: 4 | FE70: 5 | FF70: 5 | FG70: 3 | FH70: 4 | FI70: 7 | FJ70: 5 | FK70: 5 | FL70: 5 | FM70: 6 | FN70: 3 | FO70: 3 | FP70: 5 | FQ70: 5 | FR70: 6 | FS70: 6 | FT70: 1 | FU70: 7 | FV70: 1 | FW70: 5 | FX70: 5 | FY70: 4 | FZ70: 4 | GA70: 5 | GB70: 1 | GC70: 2 | GD70: 5 | GE70: 3 | GF70: 5 | GG70: 1 | GH70: 1 | GI70: 2 | GJ70: 6 | GK70: 6 | GL70: 5 | GM70: 5 | GN70: 7 | GO70: 6 | GP70: 6 | GQ70: 5 | GR70: 4 | GS70: 6 | GT70: 4 | GU70: 4 | GV70: 4 | GW70: 5 | GX70: 5 | GY70: 5 | GZ70: 5
A71: 2025/10/11 4:53:40 PM GMT+7 | B71: Saya bersedia menjadi responden dalam penelitian ini | C71: HARYANTI AGUSTINA | D71: Perempuan | E71: DUSUN V | F71: 082184182123 | G71: 23 | H71: Anak | I71: SMA/SMK | J71: Penduduk asli | K71: Staf desa | L71: 900.000 | M71: 80.000 | N71: Ya | O71: 1 | P71: 5 | Q71: 5 | R71: Kontak kerabat;Hiburan;Mencari informasi | S71: Ya | T71: 1 | U71: 1 | V71: 5 | W71: Kontak kerabat;Hiburan;Membeli produk | X71: Tidak | AC71: Tidak | AH71: Tidak | AM71: Ya | AN71: 2 | AO71: 5 | AP71: Lainnya | AQ71: Tidak | AU71: Ya | AV71: 2 | AW71: 5 | AX71: Hiburan;Mencari informasi | AY71: Ya | AZ71: 10 | BA71: 120 | BB71: Kontak kerabat | BC71: Ya | BD71: 10 | BE71: 240 | BF71: Hiburan | BG71: Tidak | BK71: Tidak | BO71: Tidak | BS71: Tidak | BW71: Tidak | CA71: Tidak | CE71: 4 | CF71: 4 | CG71: Tidak ada | CH71: 4 | CI71: 4 | CJ71: 4 | CK71: Debm | CL71: 5 | CM71: 5 | CN71: 4 | CO71: Tidak ada | CP71: 4 | CQ71: 4 | CR71: 4 | CS71: Masakan | CT71: 4 | CU71: 3 | CV71: 3 | CW71: 5 | CX71: 3 | CY71: 4 | CZ71: 4 | DA71: 6 | DB71: 6 | DC71: 6 | DD71: 6 | DE71: 6 | DF71: 6 | DG71: 6 | DH71: 4 | DI71: 4 | DJ71: 4 | DK71: 4 | DL71: 4 | DM71: 4 | DN71: 4 | DO71: 4 | DP71: 4 | DQ71: 4 | DR71: 4 | DS71: 4 | DT71: 4 | DU71: 4 | DV71: 1 | DW71: 1 | DX71: 1 | DY71: Tidak ada | DZ71: 4 | EA71: 4 | EB71: 4 | EC71: Debm | ED71: 1 | EE71: 1 | EF71: 1 | EG71: Tidak ada | EH71: 1 | EI71: 1 | EJ71: 1 | EK71: Tidak ada | EL71: 1 | EM71: 1 | EN71: 1 | EO71: 1 | EP71: 1 | EQ71: 1 | ER71: 1 | ES71: 1 | ET71: 1 | EU71: 1 | EV71: 1 | EW71: 1 | EX71: 1 | EY71: 1 | EZ71: 1 | FA71: 1 | FB71: 1 | FC71: 1 | FD71: 1 | FE71: 1 | FF71: 1 | FG71: 1 | FH71: 1 | FI71: 1 | FJ71: 1 | FK71: 2 | FL71: 2 | FM71: 2 | FN71: 2 | FO71: 2 | FP71: 2 | FQ71: 2 | FR71: 2 | FS71: 2 | FT71: 2 | FU71: 6 | FV71: 2 | FW71: 2 | FX71: 2 | FY71: 2 | FZ71: 2 | GA71: 2 | GB71: 2 | GC71: 2 | GD71: 2 | GE71: 2 | GF71: 2 | GG71: 2 | GH71: 2 | GI71: 2 | GJ71: 2 | GK71: 4 | GL71: 4 | GM71: 4 | GN71: 4 | GO71: 4 | GP71: 4 | GQ71: 4 | GR71: 4 | GS71: 6 | GT71: 5 | GU71: 5 | GV71: 5 | GW71: 4 | GX71: 4 | GY71: 4 | GZ71: 4
A72: 2025/10/11 4:53:52 PM GMT+7 | B72: Saya bersedia menjadi responden dalam penelitian ini | C72: alen fertiwi | D72: Perempuan | E72: Bumi Ayu | F72: 083178453236 | G72: 19 | H72: Anak | I72: SMA/SMK | J72: Penduduk asli | K72: staf kantor desa | L72: 500.000 | M72: 150.000 | N72: Ya | O72: 1 | P72: 20 | Q72: 720mnt | R72: Hiburan;Mencari informasi;Lainnya | S72: Tidak | X72: Tidak | AC72: Tidak | AH72: Tidak | AM72: Ya | AN72: 5 | AO72: 5mnt | AP72: Kontak kerabat;Mencari informasi | AQ72: Tidak | AU72: Ya | AV72: 10 | AW72: 60 | AX72: Hiburan;Lainnya | AY72: Ya | AZ72: 20 | BA72: 5 | BB72: Kontak kerabat | BC72: Ya | BD72: 5 | BE72: 60 | BF72: Hiburan | BG72: Ya | BH72: 1 | BI72: 60 | BJ72: Hiburan | BK72: Tidak | BO72: Ya | BP72: 1 | BQ72: 5 | BR72: Membeli produk | BS72: Tidak | BW72: Tidak | CA72: Tidak | CE72: 1 | CF72: 2 | CG72: google | CH72: 6 | CI72: 6 | CJ72: 6 | CK72: Facebook | CL72: 6 | CM72: 6 | CN72: 6 | CO72: my friend | CP72: 4 | CQ72: 3 | CR72: 3 | CS72: informasi tutorial masak | CT72: 6 | CU72: 6 | CV72: 6 | CW72: 6 | CX72: 6 | CY72: 6 | CZ72: 6 | DA72: 6 | DB72: 6 | DC72: 6 | DD72: 6 | DE72: 6 | DF72: 6 | DG72: 6 | DH72: 6 | DI72: 6 | DJ72: 6 | DK72: 6 | DL72: 6 | DM72: 6 | DN72: 6 | DO72: 6 | DP72: 6 | DQ72: 6 | DR72: 6 | DS72: 6 | DT72: 6 | DU72: 6 | DV72: 5 | DW72: 5 | DX72: 5 | DY72: google | DZ72: 6 | EA72: 6 | EB72: 6 | EC72: Facebook | ED72: 6 | EE72: 6 | EF72: 6 | EG72: family | EH72: 5 | EI72: 5 | EJ72: 5 | EK72: resep simbok | EL72: 1 | EM72: 1 | EN72: 1 | EO72: 1 | EP72: 1 | EQ72: 1 | ER72: 1 | ES72: 1 | ET72: 1 | EU72: 1 | EV72: 1 | EW72: 4 | EX72: 1 | EY72: 1 | EZ72: 1 | FA72: 1 | FB72: 1 | FC72: 1 | FD72: 1 | FE72: 1 | FF72: 1 | FG72: 1 | FH72: 1 | FI72: 1 | FJ72: 1 | FK72: 3 | FL72: 3 | FM72: 3 | FN72: 3 | FO72: 3 | FP72: 3 | FQ72: 3 | FR72: 3 | FS72: 3 | FT72: 3 | FU72: 5 | FV72: 3 | FW72: 3 | FX72: 3 | FY72: 3 | FZ72: 3 | GA72: 3 | GB72: 3 | GC72: 3 | GD72: 3 | GE72: 3 | GF72: 3 | GG72: 3 | GH72: 3 | GI72: 3 | GJ72: 3 | GK72: 3 | GL72: 3 | GM72: 3 | GN72: 3 | GO72: 3 | GP72: 3 | GQ72: 3 | GR72: 3 | GS72: 3 | GT72: 3 | GU72: 3 | GV72: 3 | GW72: 3 | GX72: 3 | GY72: 3 | GZ72: 3
A73: 2025/10/11 4:54:05 PM GMT+7 | B73: Saya bersedia menjadi responden dalam penelitian ini | C73: SRI ANTIKA | D73: Perempuan | E73: Dusun VII Desa Pandan | F73: 082228060861 | G73: 25 | H73: Anak | I73: D4/S1 | J73: Penduduk asli | K73: Honorer | L73: 300000 | M73: 125000 | N73: Ya | O73: 1 | P73: 3 | Q73: 9 jam | R73: Kontak kerabat;Hiburan;Mencari informasi;Membeli produk;Menjual produk | S73: Ya | T73: 1 | U73: 3 | V73: 540 Menit | W73: Kontak kerabat;Hiburan;Mencari informasi;Membeli produk | X73: Tidak | AC73: Tidak | AH73: Ya | AI73: 1 | AJ73: 1 | AK73: 60 Menit | AL73: Mencari informasi | AM73: Ya | AN73: 2 | AO73: 120 | AP73: Hiburan | AQ73: Tidak | AU73: Ya | AV73: 1 | AW73: 60 Menit | AX73: Hiburan;Mencari informasi | AY73: Ya | AZ73: 3 | BA73: 540 Menit | BB73: Kontak kerabat;Hiburan;Mencari informasi;Membeli produk | BC73: Ya | BD73: 3 | BE73: 540 | BF73: Hiburan;Mencari informasi;Membeli produk | BG73: Ya | BH73: 1 | BI73: 120 Menit | BJ73: Hiburan | BK73: Tidak | BO73: Ya | BP73: 1 | BQ73: 60 Menit | BR73: Membeli produk | BS73: Tidak | BW73: Tidak | CA73: Tidak | CE73: 3 | CF73: 3 | CG73: Tidak Ada | CH73: 5 | CI73: 5 | CJ73: 6 | CK73: Fjb | CL73: 5 | CM73: 5 | CN73: 5 | CO73: Grup Karang Taruna | CP73: 5 | CQ73: 5 | CR73: 5 | CS73: Tidak ada | CT73: 5 | CU73: 5 | CV73: 4 | CW73: 3 | CX73: 3 | CY73: 3 | CZ73: 3 | DA73: 4 | DB73: 3 | DC73: 4 | DD73: 4 | DE73: 4 | DF73: 4 | DG73: 4 | DH73: 7 | DI73: 7 | DJ73: 7 | DK73: 5 | DL73: 7 | DM73: 6 | DN73: 6 | DO73: 7 | DP73: 7 | DQ73: 7 | DR73: 7 | DS73: 7 | DT73: 7 | DU73: 7 | DV73: 7 | DW73: 7 | DX73: 7 | DY73: Tidak ada | DZ73: 7 | EA73: 7 | EB73: 7 | EC73: sri_antikk | ED73: 7 | EE73: 7 | EF73: 7 | EG73: Karang Taruna | EH73: 7 | EI73: 7 | EJ73: 7 | EK73: Tidak ada | EL73: 7 | EM73: 7 | EN73: 7 | EO73: 7 | EP73: 7 | EQ73: 7 | ER73: 7 | ES73: 7 | ET73: 7 | EU73: 7 | EV73: 7 | EW73: 7 | EX73: 7 | EY73: 7 | EZ73: 7 | FA73: 7 | FB73: 7 | FC73: 7 | FD73: 7 | FE73: 7 | FF73: 7 | FG73: 7 | FH73: 7 | FI73: 5 | FJ73: 4 | FK73: 5 | FL73: 5 | FM73: 5 | FN73: 5 | FO73: 5 | FP73: 5 | FQ73: 5 | FR73: 5 | FS73: 6 | FT73: 6 | FU73: 2 | FV73: 6 | FW73: 4 | FX73: 6 | FY73: 6 | FZ73: 5 | GA73: 6 | GB73: 6 | GC73: 5 | GD73: 6 | GE73: 5 | GF73: 4 | GG73: 6 | GH73: 6 | GI73: 6 | GJ73: 6 | GK73: 5 | GL73: 4 | GM73: 3 | GN73: 6 | GO73: 6 | GP73: 6 | GQ73: 5 | GR73: 5 | GS73: 6 | GT73: 6 | GU73: 5 | GV73: 5 | GW73: 6 | GX73: 6 | GY73: 6 | GZ73: 6
A74: 2025/10/11 4:55:18 PM GMT+7 | B74: Saya bersedia menjadi responden dalam penelitian ini | C74: Gita Asian | D74: Perempuan | E74: Dusun VI desa pandan | F74: 085384758226 | G74: 28 | H74: Anak | I74: D4/S1 | J74: Penduduk asli | K74: Guru | L74: 300000 | M74: 100000 | N74: Ya | O74: 1 | P74: 3 | Q74: 540 | R74: Kontak kerabat;Hiburan;Mencari informasi;Membeli produk | S74: Ya | T74: 1 | U74: 3 | V74: 540 | W74: Kontak kerabat;Hiburan;Mencari informasi;Membeli produk | X74: Ya | Y74: 1 | Z74: 3 | AA74: 540 | AB74: Kontak kerabat;Hiburan;Mencari informasi | AC74: Ya | AD74: 1 | AE74: 2 | AF74: 240 | AG74: Hiburan | AH74: Ya | AI74: 1 | AJ74: 2 | AK74: 120 | AL74: Hiburan;Mencari informasi | AM74: Ya | AN74: 1 | AO74: 60 | AP74: Hiburan;Mencari informasi | AQ74: Ya | AR74: 1 | AS74: 60. | AT74: Hiburan | AU74: Ya | AV74: 3 | AW74: 180 | AX74: Mencari informasi | AY74: Ya | AZ74: 7 | BA74: 540 | BB74: Kontak kerabat;Mencari informasi | BC74: Ya | BD74: 3 | BE74: 3000 | BF74: Hiburan;Mencari informasi | BG74: Ya | BH74: 3 | BI74: 180 | BJ74: Hiburan | BK74: Ya | BL74: 1 | BM74: 60 | BN74: Mencari informasi | BO74: Ya | BP74: 3 | BQ74: 120 | BR74: Membeli produk | BS74: Tidak | BW74: Tidak | CA74: Tidak | CE74: 3 | CF74: 3 | CG74: Tidak ada | CH74: 4 | CI74: 6 | CJ74: 6 | CK74: Tidak ada | CL74: 7 | CM74: 7 | CN74: 7 | CO74: Tidak ada | CP74: 7 | CQ74: 7 | CR74: 7 | CS74: Tidak ada | CT74: 7 | CU74: 7 | CV74: 7 | CW74: 7 | CX74: 7 | CY74: 7 | CZ74: 7 | DA74: 7 | DB74: 7 | DC74: 7 | DD74: 7 | DE74: 7 | DF74: 7 | DG74: 7 | DH74: 7 | DI74: 7 | DJ74: 7 | DK74: 7 | DL74: 7 | DM74: 7 | DN74: 7 | DO74: 7 | DP74: 7 | DQ74: 7 | DR74: 7 | DS74: 7 | DT74: 7 | DU74: 7 | DV74: 7 | DW74: 7 | DX74: 7 | DY74: Tidak ada | DZ74: 7 | EA74: 7 | EB74: 7 | EC74: Gita | ED74: 7 | EE74: 7 | EF74: 7 | EG74: Karang taruna | EH74: 7 | EI74: 7 | EJ74: 7 | EK74: Yautuber | EL74: 7 | EM74: 7 | EN74: 7 | EO74: 7 | EP74: 7 | EQ74: 7 | ER74: 7 | ES74: 7 | ET74: 7 | EU74: 7 | EV74: 7 | EW74: 7 | EX74: 7 | EY74: 7 | EZ74: 7 | FA74: 7 | FB74: 7 | FC74: 7 | FD74: 7 | FE74: 7 | FF74: 7 | FG74: 7 | FH74: 7 | FI74: 7 | FJ74: 7 | FK74: 7 | FL74: 7 | FM74: 7 | FN74: 7 | FO74: 7 | FP74: 7 | FQ74: 7 | FR74: 7 | FS74: 7 | FT74: 7 | FU74: 1 | FV74: 7 | FW74: 7 | FX74: 7 | FY74: 7 | FZ74: 7 | GA74: 7 | GB74: 7 | GC74: 7 | GD74: 7 | GE74: 7 | GF74: 7 | GG74: 7 | GH74: 7 | GI74: 7 | GJ74: 7 | GK74: 7 | GL74: 7 | GM74: 7 | GN74: 7 | GO74: 7 | GP74: 7 | GQ74: 7 | GR74: 7 | GS74: 7 | GT74: 7 | GU74: 7 | GV74: 7 | GW74: 7 | GX74: 7 | GY74: 7 | GZ74: 7
A75: 2025/10/11 4:55:45 PM GMT+7 | B75: Saya bersedia menjadi responden dalam penelitian ini | C75: Reza hardiansyah | D75: Laki-laki | E75: Dusun 1 | F75: 082177833755 | G75: 29 | H75: Anak | I75: SMA/SMK | J75: Penduduk asli | K75: Petani | L75: 200000 | M75: 100000 | N75: Ya | O75: 1 | P75: 48 | Q75: 3 menit | R75: Kontak kerabat;Hiburan;Mencari informasi;Membeli produk | S75: Ya | T75: 1 | U75: 48 | V75: 5 menit | W75: Kontak kerabat;Hiburan;Mencari informasi;Membeli produk | X75: Tidak | AC75: Tidak | AH75: Tidak | AM75: Ya | AN75: 2 | AO75: 10 menit | AP75: Kontak kerabat;Mencari informasi;Membeli produk | AQ75: Tidak | AU75: Ya | AV75: 2 | AW75: 5 menit | AX75: Kontak kerabat;Hiburan | AY75: Ya | AZ75: 10 | BA75: 10 menit | BB75: Kontak kerabat;Mencari informasi | BC75: Ya | BD75: 5 | BE75: 10 | BF75: Hiburan;Mencari informasi | BG75: Tidak | BK75: Tidak | BO75: Tidak | BS75: Tidak | BW75: Tidak | CA75: Tidak | CE75: 5 | CF75: 4 | CG75: Berita politik | CH75: 6 | CI75: 4 | CJ75: 4 | CK75: Gerindra | CL75: 4 | CM75: 4 | CN75: 4 | CO75: Karang taruna desa pandan | CP75: 4 | CQ75: 4 | CR75: 5 | CS75: Panji petualang | CT75: 3 | CU75: 3 | CV75: 3 | CW75: 5 | CX75: 4 | CY75: 4 | CZ75: 4 | DA75: 5 | DB75: 5 | DC75: 6 | DD75: 5 | DE75: 5 | DF75: 4 | DG75: 6 | DH75: 6 | DI75: 6 | DJ75: 5 | DK75: 4 | DL75: 4 | DM75: 5 | DN75: 5 | DO75: 6 | DP75: 5 | DQ75: 5 | DR75: 4 | DS75: 4 | DT75: 5 | DU75: 3 | DV75: 5 | DW75: 5 | DX75: 5 | DY75: Politik indonesia | DZ75: 6 | EA75: 5 | EB75: 5 | EC75: Gerindra | ED75: 5 | EE75: 5 | EF75: 4 | EG75: Karang taruna pandan | EH75: 5 | EI75: 5 | EJ75: 5 | EK75: Mata najwa | EL75: 5 | EM75: 3 | EN75: 5 | EO75: 3 | EP75: 3 | EQ75: 2 | ER75: 2 | ES75: 2 | ET75: 2 | EU75: 2 | EV75: 3 | EW75: 2 | EX75: 3 | EY75: 3 | EZ75: 3 | FA75: 2 | FB75: 1 | FC75: 2 | FD75: 2 | FE75: 3 | FF75: 3 | FG75: 2 | FH75: 4 | FI75: 4 | FJ75: 6 | FK75: 6 | FL75: 5 | FM75: 2 | FN75: 3 | FO75: 7 | FP75: 7 | FQ75: 6 | FR75: 6 | FS75: 6 | FT75: 2 | FU75: 7 | FV75: 2 | FW75: 6 | FX75: 6 | FY75: 7 | FZ75: 6 | GA75: 6 | GB75: 2 | GC75: 1 | GD75: 6 | GE75: 1 | GF75: 5 | GG75: 2 | GH75: 5 | GI75: 5 | GJ75: 7 | GK75: 6 | GL75: 6 | GM75: 6 | GN75: 6 | GO75: 6 | GP75: 6 | GQ75: 6 | GR75: 6 | GS75: 6 | GT75: 6 | GU75: 6 | GV75: 6 | GW75: 6 | GX75: 6 | GY75: 6 | GZ75: 6
A76: 2025/10/11 4:56:03 PM GMT+7 | B76: Saya bersedia menjadi responden dalam penelitian ini | C76: Bayu Andrian | D76: Laki-laki | E76: Desa Pandan | F76: 082281964249 | G76: 23 | H76: Anak | I76: D4/S1 | J76: Penduduk asli | K76: - | L76: 1000000 | M76: 500000 | N76: Ya | O76: 1 | P76: 12 | Q76: - | R76: Kontak kerabat;Hiburan;Mencari informasi | S76: Ya | T76: 1 | U76: 12 | V76: - | W76: Kontak kerabat;Hiburan;Mencari informasi | X76: Tidak | AC76: Tidak | AH76: Tidak | AM76: Tidak | AQ76: Tidak | AU76: Ya | AV76: 2 | AW76: - | AX76: Hiburan;Mencari informasi | AY76: Ya | AZ76: 10 | BA76: - | BB76: Kontak kerabat;Mencari informasi | BC76: Ya | BD76: 5 | BE76: - | BF76: Hiburan;Mencari informasi | BG76: Ya | BH76: 3 | BI76: - | BJ76: Hiburan | BK76: Tidak | BO76: Ya | BP76: 1 | BQ76: - | BR76: Membeli produk | BS76: Tidak | BW76: Tidak | CA76: Ya | CB76: 1 | CC76: - | CD76: Membeli produk | CE76: 6 | CF76: 4 | CG76: GOOGLE | CH76: 5 | CI76: 4 | CJ76: 4 | CK76: - | CL76: 5 | CM76: 4 | CN76: 4 | CO76: - | CP76: 5 | CQ76: 4 | CR76: 4 | CS76: - | CT76: 5 | CU76: 4 | CV76: 4 | CW76: 4 | CX76: 4 | CY76: 4 | CZ76: 6 | DA76: 4 | DB76: 4 | DC76: 4 | DD76: 4 | DE76: 6 | DF76: 4 | DG76: 6 | DH76: 6 | DI76: 6 | DJ76: 6 | DK76: 4 | DL76: 6 | DM76: 6 | DN76: 6 | DO76: 5 | DP76: 5 | DQ76: 6 | DR76: 5 | DS76: 5 | DT76: 5 | DU76: 5 | DV76: 4 | DW76: 4 | DX76: 5 | DY76: - | DZ76: 4 | EA76: 4 | EB76: 5 | EC76: - | ED76: 6 | EE76: 6 | EF76: 6 | EG76: - | EH76: 6 | EI76: 6 | EJ76: 6 | EK76: - | EL76: 6 | EM76: 5 | EN76: 6 | EO76: 4 | EP76: 6 | EQ76: 6 | ER76: 6 | ES76: 5 | ET76: 5 | EU76: 6 | EV76: 5 | EW76: 6 | EX76: 6 | EY76: 5 | EZ76: 6 | FA76: 6 | FB76: 6 | FC76: 6 | FD76: 6 | FE76: 4 | FF76: 4 | FG76: 4 | FH76: 6 | FI76: 6 | FJ76: 6 | FK76: 5 | FL76: 5 | FM76: 5 | FN76: 6 | FO76: 5 | FP76: 6 | FQ76: 5 | FR76: 5 | FS76: 5 | FT76: 6 | FU76: 3 | FV76: 6 | FW76: 5 | FX76: 6 | FY76: 5 | FZ76: 6 | GA76: 6 | GB76: 6 | GC76: 6 | GD76: 6 | GE76: 5 | GF76: 5 | GG76: 5 | GH76: 4 | GI76: 4 | GJ76: 6 | GK76: 6 | GL76: 5 | GM76: 5 | GN76: 5 | GO76: 6 | GP76: 5 | GQ76: 5 | GR76: 5 | GS76: 4 | GT76: 4 | GU76: 5 | GV76: 5 | GW76: 6 | GX76: 4 | GY76: 7 | GZ76: 4
A77: 2025/10/11 4:56:33 PM GMT+7 | B77: Saya bersedia menjadi responden dalam penelitian ini | C77: Anjelia Agustia | D77: Perempuan | E77: Pandan | F77: 082178564577 | G77: 23 | H77: Anak | I77: SMA/SMK | J77: Penduduk asli | K77: Polindes | L77: 200 | M77: 200 | N77: Ya | O77: 1 | P77: 9 | Q77: 540 | R77: Kontak kerabat;Hiburan;Mencari informasi;Membeli produk | S77: Ya | T77: 1 | U77: 9 | V77: 540 | W77: Kontak kerabat;Hiburan;Mencari informasi;Membeli produk | X77: Tidak | AC77: Tidak | AH77: Tidak | AM77: Ya | AN77: 4 | AO77: 450 | AP77: Kontak kerabat;Hiburan;Mencari informasi | AQ77: Tidak | AU77: Ya | AV77: 4 | AW77: 450 | AX77: Kontak kerabat;Hiburan;Mencari informasi | AY77: Ya | AZ77: 9 | BA77: 540 | BB77: Kontak kerabat;Hiburan;Mencari informasi;Membeli produk | BC77: Ya | BD77: 9 | BE77: 540 | BF77: Kontak kerabat;Hiburan;Mencari informasi;Membeli produk | BG77: Ya | BH77: 1 | BI77: 60 | BJ77: Kontak kerabat;Hiburan;Mencari informasi;Membeli produk | BK77: Tidak | BO77: Tidak | BS77: Tidak | BW77: Tidak | CA77: Tidak | CE77: 7 | CF77: 7 | CG77: Informasi media | CH77: 7 | CI77: 7 | CJ77: 7 | CK77: Informasi media | CL77: 7 | CM77: 7 | CN77: 7 | CO77: Informasi media | CP77: 7 | CQ77: 7 | CR77: 7 | CS77: Informasi media | CT77: 7 | CU77: 7 | CV77: 7 | CW77: 7 | CX77: 7 | CY77: 7 | CZ77: 7 | DA77: 7 | DB77: 7 | DC77: 7 | DD77: 7 | DE77: 7 | DF77: 7 | DG77: 7 | DH77: 7 | DI77: 7 | DJ77: 7 | DK77: 7 | DL77: 7 | DM77: 7 | DN77: 7 | DO77: 7 | DP77: 7 | DQ77: 7 | DR77: 7 | DS77: 7 | DT77: 7 | DU77: 7 | DV77: 7 | DW77: 7 | DX77: 7 | DY77: Informasi media | DZ77: 7 | EA77: 7 | EB77: 7 | EC77: Informasi media | ED77: 7 | EE77: 7 | EF77: 7 | EG77: Informasi media | EH77: 7 | EI77: 7 | EJ77: 7 | EK77: Informasi media | EL77: 7 | EM77: 7 | EN77: 7 | EO77: 7 | EP77: 7 | EQ77: 7 | ER77: 7 | ES77: 7 | ET77: 7 | EU77: 7 | EV77: 7 | EW77: 7 | EX77: 7 | EY77: 7 | EZ77: 7 | FA77: 7 | FB77: 7 | FC77: 7 | FD77: 7 | FE77: 7 | FF77: 7 | FG77: 7 | FH77: 7 | FI77: 7 | FJ77: 7 | FK77: 7 | FL77: 7 | FM77: 7 | FN77: 7 | FO77: 7 | FP77: 7 | FQ77: 7 | FR77: 7 | FS77: 7 | FT77: 7 | FU77: 1 | FV77: 7 | FW77: 7 | FX77: 7 | FY77: 7 | FZ77: 7 | GA77: 7 | GB77: 7 | GC77: 7 | GD77: 7 | GE77: 7 | GF77: 7 | GG77: 7 | GH77: 7 | GI77: 7 | GJ77: 7 | GK77: 7 | GL77: 7 | GM77: 7 | GN77: 7 | GO77: 7 | GP77: 7 | GQ77: 7 | GR77: 7 | GS77: 7 | GT77: 7 | GU77: 7 | GV77: 7 | GW77: 7 | GX77: 7 | GY77: 7 | GZ77: 7
A78: 2025/10/11 4:56:34 PM GMT+7 | B78: Saya bersedia menjadi responden dalam penelitian ini | C78: CINDI | D78: Perempuan | E78: Desa pandan | F78: 085717953680 | G78: 19 | H78: Anak | I78: SMA/SMK | J78: Penduduk asli | K78: Staf Desa | L78: 600.000 | M78: 150.000 | N78: Ya | O78: 1 | P78: 9 | Q78: 540 menit | R78: Kontak kerabat;Hiburan;Mencari informasi;Membeli produk | S78: Ya | T78: 1 | U78: 7 | V78: 420 menit | W78: Kontak kerabat;Hiburan;Mencari informasi;Membeli produk | X78: Tidak | AC78: Tidak | AH78: Tidak | AM78: Ya | AN78: 2 | AO78: 120 | AP78: Kontak kerabat;Hiburan;Mencari informasi | AQ78: Tidak | AU78: Ya | AV78: 5 | AW78: 300 | AX78: Mencari informasi | AY78: Ya | AZ78: 8 | BA78: 480 | BB78: Kontak kerabat;Mencari informasi | BC78: Ya | BD78: 8 | BE78: 480 | BF78: Hiburan;Mencari informasi | BG78: Ya | BH78: 5 | BI78: 300 | BJ78: Hiburan;Mencari informasi | BK78: Tidak | BO78: Ya | BP78: 5 | BQ78: 300 | BR78: Membeli produk | BS78: Tidak | BW78: Tidak | CA78: Tidak | CE78: 1 | CF78: 1 | CG78: Tidak ada | CH78: 7 | CI78: 7 | CJ78: 7 | CK78: Tidak ada | CL78: 7 | CM78: 7 | CN78: 7 | CO78: Tidak ada | CP78: 7 | CQ78: 7 | CR78: 7 | CS78: Tidak ada | CT78: 7 | CU78: 7 | CV78: 7 | CW78: 7 | CX78: 7 | CY78: 7 | CZ78: 7 | DA78: 7 | DB78: 7 | DC78: 7 | DD78: 7 | DE78: 7 | DF78: 7 | DG78: 7 | DH78: 7 | DI78: 7 | DJ78: 7 | DK78: 7 | DL78: 7 | DM78: 7 | DN78: 6 | DO78: 7 | DP78: 6 | DQ78: 7 | DR78: 7 | DS78: 7 | DT78: 6 | DU78: 6 | DV78: 5 | DW78: 5 | DX78: 5 | DY78: Tidak ada | DZ78: 6 | EA78: 5 | EB78: 6 | EC78: Tidak ada | ED78: 5 | EE78: 6 | EF78: 6 | EG78: Tidak ada | EH78: 5 | EI78: 5 | EJ78: 5 | EK78: Tidak ada | EL78: 5 | EM78: 5 | EN78: 5 | EO78: 5 | EP78: 4 | EQ78: 6 | ER78: 6 | ES78: 5 | ET78: 6 | EU78: 6 | EV78: 5 | EW78: 6 | EX78: 6 | EY78: 6 | EZ78: 5 | FA78: 5 | FB78: 6 | FC78: 6 | FD78: 5 | FE78: 6 | FF78: 6 | FG78: 5 | FH78: 5 | FI78: 6 | FJ78: 5 | FK78: 6 | FL78: 6 | FM78: 5 | FN78: 6 | FO78: 5 | FP78: 6 | FQ78: 6 | FR78: 5 | FS78: 6 | FT78: 6 | FU78: 2 | FV78: 6 | FW78: 6 | FX78: 6 | FY78: 6 | FZ78: 6 | GA78: 6 | GB78: 5 | GC78: 5 | GD78: 6 | GE78: 5 | GF78: 5 | GG78: 5 | GH78: 5 | GI78: 6 | GJ78: 6 | GK78: 7 | GL78: 7 | GM78: 7 | GN78: 7 | GO78: 6 | GP78: 5 | GQ78: 5 | GR78: 6 | GS78: 7 | GT78: 6 | GU78: 7 | GV78: 6 | GW78: 7 | GX78: 6 | GY78: 6 | GZ78: 6
A79: 2025/10/11 4:57:42 PM GMT+7 | B79: Saya bersedia menjadi responden dalam penelitian ini | C79: FARIKA YULANTIKA | D79: Perempuan | E79: DUSUN 8 DESA PANDAN | F79: 085384346359 | G79: 25 | H79: Anak | I79: D1/D2/D3 | J79: Penduduk asli | K79: HONOR | L79: 800.000 | M79: 150 | N79: Ya | O79: 1 | P79: 5 | Q79: 300 | R79: Kontak kerabat;Hiburan;Mencari informasi;Membeli produk;Menjual produk | S79: Ya | T79: 1 | U79: 5 | V79: 300 | W79: Kontak kerabat;Hiburan;Mencari informasi;Membeli produk;Menjual produk | X79: Tidak | AC79: Tidak | AH79: Tidak | AM79: Ya | AN79: 5 | AO79: 300 | AP79: Kontak kerabat;Hiburan;Mencari informasi;Membeli produk;Menjual produk | AQ79: Tidak | AU79: Ya | AV79: 5 | AW79: 300 | AX79: Kontak kerabat;Hiburan;Mencari informasi;Membeli produk;Menjual produk | AY79: Ya | AZ79: 5 | BA79: 300 | BB79: Kontak kerabat;Hiburan;Mencari informasi;Membeli produk;Menjual produk | BC79: Ya | BD79: 5 | BE79: 300 | BF79: Kontak kerabat;Hiburan;Mencari informasi;Membeli produk;Menjual produk | BG79: Tidak | BK79: Tidak | BO79: Ya | BP79: 5 | BQ79: 300 | BR79: Mencari informasi;Membeli produk;Menjual produk | BS79: Tidak | BW79: Tidak | CA79: Tidak | CE79: 5 | CF79: 5 | CG79: Blogspot | CH79: 2 | CI79: 4 | CJ79: 5 | CK79: Berita PALI | CL79: 5 | CM79: 4 | CN79: 4 | CO79: Tidak ada | CP79: 1 | CQ79: 1 | CR79: 1 | CS79: Tidak ada | CT79: 1 | CU79: 1 | CV79: 1 | CW79: 1 | CX79: 1 | CY79: 1 | CZ79: 1 | DA79: 4 | DB79: 4 | DC79: 4 | DD79: 3 | DE79: 3 | DF79: 3 | DG79: 4 | DH79: 4 | DI79: 4 | DJ79: 4 | DK79: 4 | DL79: 4 | DM79: 4 | DN79: 4 | DO79: 3 | DP79: 3 | DQ79: 4 | DR79: 4 | DS79: 4 | DT79: 4 | DU79: 4 | DV79: 4 | DW79: 4 | DX79: 5 | DY79: Tidak ada | DZ79: 4 | EA79: 4 | EB79: 4 | EC79: Tidak ada | ED79: 4 | EE79: 4 | EF79: 4 | EG79: Tidak ada | EH79: 4 | EI79: 4 | EJ79: 4 | EK79: Tidak ada | EL79: 4 | EM79: 4 | EN79: 4 | EO79: 4 | EP79: 4 | EQ79: 4 | ER79: 4 | ES79: 4 | ET79: 4 | EU79: 4 | EV79: 4 | EW79: 4 | EX79: 4 | EY79: 4 | EZ79: 4 | FA79: 4 | FB79: 4 | FC79: 4 | FD79: 4 | FE79: 4 | FF79: 4 | FG79: 4 | FH79: 4 | FI79: 4 | FJ79: 4 | FK79: 3 | FL79: 3 | FM79: 3 | FN79: 3 | FO79: 3 | FP79: 3 | FQ79: 3 | FR79: 3 | FS79: 3 | FT79: 3 | FU79: 4 | FV79: 3 | FW79: 3 | FX79: 4 | FY79: 3 | FZ79: 3 | GA79: 3 | GB79: 3 | GC79: 3 | GD79: 3 | GE79: 3 | GF79: 3 | GG79: 3 | GH79: 3 | GI79: 3 | GJ79: 3 | GK79: 3 | GL79: 3 | GM79: 3 | GN79: 3 | GO79: 2 | GP79: 3 | GQ79: 3 | GR79: 3 | GS79: 3 | GT79: 3 | GU79: 3 | GV79: 3 | GW79: 3 | GX79: 3 | GY79: 3 | GZ79: 3
A80: 2025/10/11 4:57:46 PM GMT+7 | B80: Saya bersedia menjadi responden dalam penelitian ini | C80: Atin Sri Handayani | D80: Perempuan | E80: DS. Pandan | F80: 082378659745 | G80: 22 | H80: Anak | I80: D4/S1 | J80: Penduduk asli | K80: Staf | L80: 500.000 | M80: 100 | N80: Ya | O80: 1 | P80: 9 | Q80: 540 | R80: Hiburan;Mencari informasi;Membeli produk | S80: Ya | T80: 1 | U80: 1 | V80: 15 | W80: Mencari informasi;Membeli produk | X80: Tidak | AC80: Tidak | AH80: Ya | AI80: 1 | AJ80: 1 | AK80: 1 jam | AL80: Kontak kerabat;Mencari informasi | AM80: Ya | AN80: 1 | AO80: 1 jam | AP80: Hiburan | AQ80: Tidak | AU80: Ya | AV80: 5 | AW80: 3-5 jam | AX80: Hiburan;Mencari informasi;Membeli produk | AY80: Ya | AZ80: 9 | BA80: 540 | BB80: Kontak kerabat | BC80: Ya | BD80: 4 | BE80: 240 | BF80: Kontak kerabat;Hiburan;Mencari informasi | BG80: Ya | BH80: 1 | BI80: 60 | BJ80: Hiburan;Mencari informasi | BK80: Tidak | BO80: Ya | BP80: 1 | BQ80: 60 | BR80: Membeli produk | BS80: Tidak | BW80: Tidak | CA80: Tidak | CE80: 7 | CF80: 7 | CG80: Informasi media | CH80: 7 | CI80: 7 | CJ80: 7 | CK80: Sherly Annavita | CL80: 7 | CM80: 7 | CN80: 7 | CO80: Al-furqan grub | CP80: 7 | CQ80: 7 | CR80: 7 | CS80: Sherly | CT80: 7 | CU80: 7 | CV80: 7 | CW80: 7 | CX80: 7 | CY80: 7 | CZ80: 7 | DA80: 7 | DB80: 7 | DC80: 7 | DD80: 7 | DE80: 7 | DF80: 7 | DG80: 7 | DH80: 7 | DI80: 7 | DJ80: 7 | DK80: 7 | DL80: 7 | DM80: 7 | DN80: 7 | DO80: 7 | DP80: 7 | DQ80: 7 | DR80: 7 | DS80: 7 | DT80: 7 | DU80: 7 | DV80: 7 | DW80: 7 | DX80: 7 | DY80: Informasi media | DZ80: 7 | EA80: 7 | EB80: 7 | EC80: Informasi media | ED80: 7 | EE80: 7 | EF80: 7 | EG80: Al-furqan grub | EH80: 7 | EI80: 7 | EJ80: 7 | EK80: Media informasi | EL80: 7 | EM80: 7 | EN80: 7 | EO80: 7 | EP80: 7 | EQ80: 7 | ER80: 7 | ES80: 7 | ET80: 7 | EU80: 7 | EV80: 7 | EW80: 7 | EX80: 7 | EY80: 7 | EZ80: 7 | FA80: 7 | FB80: 7 | FC80: 7 | FD80: 7 | FE80: 7 | FF80: 7 | FG80: 7 | FH80: 7 | FI80: 7 | FJ80: 7 | FK80: 7 | FL80: 7 | FM80: 7 | FN80: 7 | FO80: 7 | FP80: 7 | FQ80: 7 | FR80: 7 | FS80: 7 | FT80: 7 | FU80: 1 | FV80: 7 | FW80: 7 | FX80: 7 | FY80: 7 | FZ80: 7 | GA80: 7 | GB80: 7 | GC80: 7 | GD80: 7 | GE80: 7 | GF80: 7 | GG80: 7 | GH80: 7 | GI80: 7 | GJ80: 7 | GK80: 7 | GL80: 7 | GM80: 7 | GN80: 7 | GO80: 7 | GP80: 7 | GQ80: 7 | GR80: 7 | GS80: 7 | GT80: 7 | GU80: 7 | GV80: 7 | GW80: 7 | GX80: 7 | GY80: 7 | GZ80: 7
A81: 2025/10/11 4:58:42 PM GMT+7 | B81: Saya bersedia menjadi responden dalam penelitian ini | C81: Agil almunawar | D81: Laki-laki | E81: Dusun 5 desa pandan | F81: 085279252246 | G81: 21 | H81: Anak | I81: SMA/SMK | J81: Penduduk asli | K81: Wiraswasta | L81: 500.000 | M81: 300.000 | N81: Ya | O81: 1 | P81: 10 | Q81: 10 | R81: Kontak kerabat;Hiburan;Mencari informasi;Membeli produk | S81: Tidak | X81: Tidak | AC81: Tidak | AH81: Tidak | AM81: Ya | AN81: 10 | AO81: 10 | AP81: Kontak kerabat;Mencari informasi;Membeli produk | AQ81: Tidak | AU81: Tidak | AY81: Ya | AZ81: 16 | BA81: 16 | BB81: Kontak kerabat;Hiburan;Mencari informasi | BC81: Tidak | BG81: Tidak | BK81: Tidak | BO81: Tidak | BS81: Tidak | BW81: Tidak | CA81: Tidak | CE81: 6 | CF81: 7 | CG81: Berita terkini | CH81: 4 | CI81: 4 | CJ81: 4 | CK81: Instagram | CL81: 5 | CM81: 3 | CN81: 3 | CO81: Karang taruna | CP81: 5 | CQ81: 6 | CR81: 6 | CS81: Dhot dgsain | CT81: 5 | CU81: 5 | CV81: 5 | CW81: 5 | CX81: 6 | CY81: 6 | CZ81: 6 | DA81: 5 | DB81: 6 | DC81: 5 | DD81: 5 | DE81: 5 | DF81: 4 | DG81: 4 | DH81: 4 | DI81: 5 | DJ81: 4 | DK81: 6 | DL81: 5 | DM81: 5 | DN81: 4 | DO81: 6 | DP81: 6 | DQ81: 5 | DR81: 6 | DS81: 5 | DT81: 5 | DU81: 5 | DV81: 5 | DW81: 5 | DX81: 5 | DY81: Berita terkini | DZ81: 4 | EA81: 7 | EB81: 5 | EC81: Instagram | ED81: 5 | EE81: 3 | EF81: 2 | EG81: Karang taruna | EH81: 5 | EI81: 5 | EJ81: 6 | EK81: Kompas tv | EL81: 5 | EM81: 5 | EN81: 5 | EO81: 5 | EP81: 4 | EQ81: 4 | ER81: 4 | ES81: 4 | ET81: 5 | EU81: 4 | EV81: 4 | EW81: 5 | EX81: 4 | EY81: 4 | EZ81: 3 | FA81: 5 | FB81: 7 | FC81: 6 | FD81: 5 | FE81: 5 | FF81: 5 | FG81: 6 | FH81: 6 | FI81: 5 | FJ81: 5 | FK81: 5 | FL81: 6 | FM81: 6 | FN81: 5 | FO81: 6 | FP81: 5 | FQ81: 6 | FR81: 6 | FS81: 7 | FT81: 7 | FU81: 2 | FV81: 6 | FW81: 7 | FX81: 5 | FY81: 7 | FZ81: 3 | GA81: 5 | GB81: 6 | GC81: 5 | GD81: 5 | GE81: 5 | GF81: 5 | GG81: 6 | GH81: 6 | GI81: 5 | GJ81: 5 | GK81: 6 | GL81: 5 | GM81: 5 | GN81: 5 | GO81: 5 | GP81: 6 | GQ81: 6 | GR81: 6 | GS81: 5 | GT81: 5 | GU81: 5 | GV81: 5 | GW81: 5 | GX81: 6 | GY81: 5 | GZ81: 5
A82: 2025/10/11 5:01:24 PM GMT+7 | B82: Saya bersedia menjadi responden dalam penelitian ini | C82: DEVI HARTA YANTI | D82: Perempuan | E82: DUSUN VIII DESA PANDAN | F82: 081279696877 | G82: 27 | H82: Anak | I82: D4/S1 | J82: Penduduk asli | K82: GURU | L82: 500000 | M82: 100000 | N82: Ya | O82: 1 | P82: 5 | Q82: 360 | R82: Kontak kerabat;Hiburan;Mencari informasi;Membeli produk | S82: Ya | T82: 1 | U82: 6 | V82: 360 | W82: Kontak kerabat;Hiburan;Mencari informasi;Membeli produk | X82: Tidak | AC82: Tidak | AH82: Ya | AI82: 1 | AJ82: 2 | AK82: 240 | AL82: Kontak kerabat;Hiburan;Mencari informasi | AM82: Ya | AN82: 10 | AO82: 60 | AP82: Kontak kerabat;Hiburan;Mencari informasi | AQ82: Tidak | AU82: Ya | AV82: 10 | AW82: 60 | AX82: Hiburan;Mencari informasi | AY82: Ya | AZ82: 50 | BA82: 240 | BB82: Kontak kerabat;Mencari informasi | BC82: Ya | BD82: 50 | BE82: 60 | BF82: Hiburan;Mencari informasi;Membeli produk | BG82: Ya | BH82: 2 | BI82: 30 | BJ82: Hiburan | BK82: Tidak | BO82: Ya | BP82: 1 | BQ82: 30 | BR82: Membeli produk | BS82: Tidak | BW82: Tidak | CA82: Tidak | CE82: 7 | CF82: 7 | CG82: Wordpress | CH82: 7 | CI82: 7 | CJ82: 7 | CK82: Lambe turah, pali terkini, infoloker, bknVII kemenpanrb, kemendikdasmen, infoppg | CL82: 7 | CM82: 7 | CN82: 1 | CO82: Ikatan alumni kampus | CP82: 1 | CQ82: 1 | CR82: 1 | CS82: Tidak ada | CT82: 1 | CU82: 1 | CV82: 1 | CW82: 7 | CX82: 3 | CY82: 7 | CZ82: 1 | DA82: 7 | DB82: 1 | DC82: 7 | DD82: 1 | DE82: 7 | DF82: 7 | DG82: 7 | DH82: 7 | DI82: 7 | DJ82: 7 | DK82: 7 | DL82: 7 | DM82: 7 | DN82: 7 | DO82: 7 | DP82: 7 | DQ82: 7 | DR82: 7 | DS82: 7 | DT82: 7 | DU82: 7 | DV82: 7 | DW82: 7 | DX82: 7 | DY82: Wordpress | DZ82: 7 | EA82: 7 | EB82: 7 | EC82: Pali terupdate, lambe turah | ED82: 7 | EE82: 7 | EF82: 7 | EG82: Ikatan alumni kampus | EH82: 7 | EI82: 7 | EJ82: 7 | EK82: Berbagai chanel | EL82: 7 | EM82: 7 | EN82: 7 | EO82: 7 | EP82: 7 | EQ82: 7 | ER82: 7 | ES82: 7 | ET82: 7 | EU82: 7 | EV82: 7 | EW82: 7 | EX82: 7 | EY82: 7 | EZ82: 7 | FA82: 7 | FB82: 7 | FC82: 7 | FD82: 7 | FE82: 7 | FF82: 7 | FG82: 7 | FH82: 7 | FI82: 7 | FJ82: 7 | FK82: 7 | FL82: 7 | FM82: 1 | FN82: 1 | FO82: 1 | FP82: 7 | FQ82: 7 | FR82: 7 | FS82: 7 | FT82: 1 | FU82: 7 | FV82: 1 | FW82: 1 | FX82: 7 | FY82: 7 | FZ82: 7 | GA82: 1 | GB82: 1 | GC82: 1 | GD82: 7 | GE82: 1 | GF82: 7 | GG82: 1 | GH82: 1 | GI82: 1 | GJ82: 7 | GK82: 7 | GL82: 7 | GM82: 7 | GN82: 7 | GO82: 7 | GP82: 7 | GQ82: 7 | GR82: 7 | GS82: 7 | GT82: 7 | GU82: 7 | GV82: 7 | GW82: 7 | GX82: 7 | GY82: 7 | GZ82: 7
A83: 2025/10/11 5:11:37 PM GMT+7 | B83: Saya bersedia menjadi responden dalam penelitian ini | C83: Anggundwiwidona | D83: Perempuan | E83: Bumi ayu dusun 2 | F83: 081367657662 | G83: 19 | H83: Anak | I83: SMA/SMK | J83: Penduduk asli | K83: Mengajar | L83: 500 | M83: 250 | N83: Ya | O83: 1 | P83: 3 | Q83: 5 | R83: Kontak kerabat;Hiburan;Mencari informasi | S83: Ya | T83: 1 | U83: 3 | V83: 3 | W83: Kontak kerabat;Hiburan;Mencari informasi | X83: Tidak | AC83: Tidak | AH83: Ya | AI83: 1 | AJ83: 2 | AK83: 2 | AL83: Kontak kerabat;Hiburan;Mencari informasi | AM83: Ya | AN83: 3 | AO83: 15 | AP83: Hiburan;Mencari informasi | AQ83: Tidak | AU83: Ya | AV83: 3 | AW83: 15 | AX83: Hiburan | AY83: Ya | AZ83: 5 | BA83: 15 | BB83: Kontak kerabat;Hiburan;Mencari informasi | BC83: Ya | BD83: 3 | BE83: 15 | BF83: Hiburan;Mencari informasi | BG83: Ya | BH83: 2 | BI83: 6 | BJ83: Hiburan | BK83: Tidak | BO83: Ya | BP83: 1 | BQ83: 10 | BR83: Membeli produk | BS83: Tidak | BW83: Tidak | CA83: Tidak | CE83: 1 | CF83: 1 | CG83: Internet | CH83: 5 | CI83: 5 | CJ83: 5 | CK83: Tik tok/Facebook | CL83: 7 | CM83: 7 | CN83: 7 | CO83: WhatsApp | CP83: 3 | CQ83: 3 | CR83: 3 | CS83: YouTube | CT83: 1 | CU83: 1 | CV83: 1 | CW83: 1 | CX83: 1 | CY83: 1 | CZ83: 1 | DA83: 5 | DB83: 5 | DC83: 5 | DD83: 5 | DE83: 5 | DF83: 5 | DG83: 5 | DH83: 5 | DI83: 5 | DJ83: 5 | DK83: 5 | DL83: 5 | DM83: 5 | DN83: 5 | DO83: 3 | DP83: 3 | DQ83: 3 | DR83: 3 | DS83: 3 | DT83: 3 | DU83: 3 | DV83: 1 | DW83: 1 | DX83: 1 | DY83: Tidak aada | DZ83: 5 | EA83: 5 | EB83: 5 | EC83: Facebook/tik tok dan Instagram | ED83: 5 | EE83: 5 | EF83: 5 | EG83: Tidak ada | EH83: 1 | EI83: 1 | EJ83: 1 | EK83: Tidak ada | EL83: 3 | EM83: 3 | EN83: 5 | EO83: 5 | EP83: 5 | EQ83: 5 | ER83: 5 | ES83: 5 | ET83: 5 | EU83: 5 | EV83: 5 | EW83: 5 | EX83: 5 | EY83: 5 | EZ83: 5 | FA83: 5 | FB83: 5 | FC83: 5 | FD83: 5 | FE83: 5 | FF83: 5 | FG83: 5 | FH83: 5 | FI83: 5 | FJ83: 5 | FK83: 7 | FL83: 7 | FM83: 1 | FN83: 4 | FO83: 7 | FP83: 7 | FQ83: 7 | FR83: 7 | FS83: 7 | FT83: 4 | FU83: 4 | FV83: 4 | FW83: 4 | FX83: 5 | FY83: 5 | FZ83: 5 | GA83: 5 | GB83: 5 | GC83: 5 | GD83: 5 | GE83: 5 | GF83: 5 | GG83: 5 | GH83: 5 | GI83: 5 | GJ83: 5 | GK83: 6 | GL83: 6 | GM83: 6 | GN83: 6 | GO83: 6 | GP83: 6 | GQ83: 6 | GR83: 6 | GS83: 6 | GT83: 6 | GU83: 6 | GV83: 6 | GW83: 6 | GX83: 6 | GY83: 6 | GZ83: 6
